,dock_bikes,free_bases,id,light,no_available,reservations_count,last_updated
0,24,3,1406,1,0,0,2024-02-22 22:57:22
1,13,6,1407,2,0,0,2024-02-22 22:57:22
2,12,15,1408,2,0,0,2024-02-22 22:57:22
3,21,6,1409,1,0,0,2024-02-22 22:57:22
4,5,14,1410,0,0,0,2024-02-22 22:57:22
5,10,9,1411,2,0,0,2024-02-22 22:57:22
6,14,10,1412,2,0,0,2024-02-22 22:57:22
7,11,13,1413,2,0,0,2024-02-22 22:57:22
8,11,12,1414,2,0,0,2024-02-22 22:57:22
9,7,16,1415,0,0,0,2024-02-22 22:57:22
10,22,5,1416,1,0,0,2024-02-22 22:57:22
11,15,8,1417,2,0,0,2024-02-22 22:57:22
12,10,17,1418,2,0,0,2024-02-22 22:57:22
13,11,8,1419,2,0,0,2024-02-22 22:57:22
14,9,10,1420,2,0,0,2024-02-22 22:57:22
15,7,16,1421,0,0,0,2024-02-22 22:57:22
16,6,18,1422,0,0,0,2024-02-22 22:57:22
17,7,21,1423,0,0,0,2024-02-22 22:57:22
18,5,22,1424,0,0,0,2024-02-22 22:57:22
19,0,0,1425,3,1,0,2024-02-22 22:57:22
20,18,6,1426,1,0,0,2024-02-22 22:57:22
21,11,7,1427,2,0,0,2024-02-22 22:57:22
22,4,20,1428,0,0,0,2024-02-22 22:57:22
23,7,17,1429,0,0,0,2024-02-22 22:57:22
24,12,15,1430,2,0,0,2024-02-22 22:57:22
25,16,11,1431,2,0,0,2024-02-22 22:57:22
26,6,12,1432,2,0,0,2024-02-22 22:57:22
27,21,2,1433,1,0,0,2024-02-22 22:57:22
28,21,6,1434,1,0,0,2024-02-22 22:57:22
29,10,17,1435,2,0,0,2024-02-22 22:57:22
30,7,11,1436,2,0,0,2024-02-22 22:57:22
31,21,2,1437,1,0,0,2024-02-22 22:57:22
32,12,12,1438,2,0,0,2024-02-22 22:57:22
33,10,14,1439,2,0,0,2024-02-22 22:57:22
34,9,15,1440,2,0,0,2024-02-22 22:57:22
35,23,1,1441,1,0,0,2024-02-22 22:57:22
36,21,6,1442,1,0,0,2024-02-22 22:57:22
37,27,4,1443,1,0,0,2024-02-22 22:57:22
38,14,3,1444,1,0,0,2024-02-22 22:57:22
39,19,0,1445,1,0,0,2024-02-22 22:57:22
40,26,1,1446,1,0,0,2024-02-22 22:57:22
41,6,12,1447,2,0,0,2024-02-22 22:57:22
42,14,5,1448,1,0,0,2024-02-22 22:57:22
43,11,8,1449,2,0,0,2024-02-22 22:57:22
44,25,2,1450,1,0,0,2024-02-22 22:57:22
45,20,4,1451,1,0,0,2024-02-22 22:57:22
46,12,10,1452,2,0,0,2024-02-22 22:57:22
47,10,17,1453,2,0,0,2024-02-22 22:57:22
48,18,6,1454,1,0,0,2024-02-22 22:57:22
49,26,1,1455,1,0,0,2024-02-22 22:57:22
50,11,4,1456,1,0,0,2024-02-22 22:57:22
51,25,0,1457,1,0,0,2024-02-22 22:57:22
52,4,15,1458,0,0,0,2024-02-22 22:57:22
53,23,1,1459,1,0,0,2024-02-22 22:57:22
54,9,14,1460,2,0,0,2024-02-22 22:57:22
55,6,17,1461,0,0,0,2024-02-22 22:57:22
56,14,13,1462,2,0,0,2024-02-22 22:57:22
57,8,11,1463,2,0,0,2024-02-22 22:57:22
58,12,11,1464,2,0,0,2024-02-22 22:57:22
59,14,13,1465,2,0,0,2024-02-22 22:57:22
60,12,15,1466,2,0,0,2024-02-22 22:57:22
61,13,10,1467,2,0,0,2024-02-22 22:57:22
62,11,13,1468,2,0,0,2024-02-22 22:57:22
63,16,7,1469,2,0,0,2024-02-22 22:57:22
64,16,3,1470,1,0,0,2024-02-22 22:57:22
65,8,19,1471,0,0,0,2024-02-22 22:57:22
66,6,21,1472,0,0,0,2024-02-22 22:57:22
67,20,3,1473,1,0,0,2024-02-22 22:57:22
68,15,8,1474,2,0,0,2024-02-22 22:57:22
69,21,2,1475,1,0,0,2024-02-22 22:57:22
70,13,14,1476,2,0,0,2024-02-22 22:57:22
71,10,17,1477,2,0,0,2024-02-22 22:57:22
72,11,13,1478,2,0,0,2024-02-22 22:57:22
73,16,2,1479,1,0,0,2024-02-22 22:57:22
74,17,6,1480,1,0,0,2024-02-22 22:57:22
75,24,3,1481,1,0,0,2024-02-22 22:57:22
76,13,11,1484,2,0,0,2024-02-22 22:57:22
77,10,13,1485,2,0,0,2024-02-22 22:57:22
78,9,14,1486,2,0,0,2024-02-22 22:57:22
79,22,1,1487,1,0,0,2024-02-22 22:57:22
80,23,4,1488,1,0,0,2024-02-22 22:57:22
81,10,14,1489,2,0,0,2024-02-22 22:57:22
82,14,9,1490,2,0,0,2024-02-22 22:57:22
83,13,10,1491,2,0,0,2024-02-22 22:57:22
84,5,18,1492,0,0,0,2024-02-22 22:57:22
85,12,15,1493,2,0,0,2024-02-22 22:57:22
86,13,10,1494,2,0,0,2024-02-22 22:57:22
87,0,23,1495,0,0,0,2024-02-22 22:57:22
88,5,18,1496,0,0,0,2024-02-22 22:57:22
89,17,6,1497,1,0,0,2024-02-22 22:57:22
90,3,20,1498,0,0,0,2024-02-22 22:57:22
91,11,16,1499,2,0,0,2024-02-22 22:57:22
92,12,15,1500,2,0,0,2024-02-22 22:57:22
93,17,7,1501,1,0,0,2024-02-22 22:57:22
94,5,18,1502,0,0,0,2024-02-22 22:57:22
95,18,9,1503,2,0,0,2024-02-22 22:57:22
96,14,10,1504,2,0,0,2024-02-22 22:57:22
97,16,7,1505,2,0,0,2024-02-22 22:57:22
98,17,6,1506,1,0,0,2024-02-22 22:57:22
99,10,13,1507,2,0,0,2024-02-22 22:57:22
100,6,17,1508,0,0,0,2024-02-22 22:57:22
101,16,3,1510,1,0,0,2024-02-22 22:57:22
102,11,12,1511,2,0,0,2024-02-22 22:57:22
103,12,15,1512,2,0,0,2024-02-22 22:57:22
104,9,14,1513,2,0,0,2024-02-22 22:57:22
105,13,10,1514,2,0,0,2024-02-22 22:57:22
106,22,1,1515,1,0,0,2024-02-22 22:57:22
107,19,4,1516,1,0,0,2024-02-22 22:57:22
108,14,9,1517,2,0,0,2024-02-22 22:57:22
109,3,21,1518,0,0,0,2024-02-22 22:57:22
110,6,17,1519,0,0,0,2024-02-22 22:57:22
111,9,14,1520,2,0,0,2024-02-22 22:57:22
112,9,9,1521,2,0,0,2024-02-22 22:57:22
113,16,2,1522,1,0,0,2024-02-22 22:57:22
114,20,3,1523,1,0,0,2024-02-22 22:57:22
115,11,12,1524,2,0,0,2024-02-22 22:57:22
116,11,12,1525,2,0,0,2024-02-22 22:57:22
117,15,12,1526,2,0,0,2024-02-22 22:57:22
118,17,10,1527,2,0,0,2024-02-22 22:57:22
119,18,5,1528,1,0,0,2024-02-22 22:57:22
120,26,1,1529,1,0,0,2024-02-22 22:57:22
121,5,22,1531,0,0,0,2024-02-22 22:57:22
122,6,21,1532,0,0,0,2024-02-22 22:57:22
123,25,2,1533,1,0,0,2024-02-22 22:57:22
124,11,16,1534,2,0,0,2024-02-22 22:57:22
125,5,22,1535,0,0,0,2024-02-22 22:57:22
126,7,16,1536,0,0,0,2024-02-22 22:57:22
127,21,2,1537,1,0,0,2024-02-22 22:57:22
128,4,23,1538,0,0,0,2024-02-22 22:57:22
129,4,20,1539,0,0,0,2024-02-22 22:57:22
130,5,18,1540,0,0,0,2024-02-22 22:57:22
131,15,8,1541,2,0,0,2024-02-22 22:57:22
132,22,1,1542,1,0,0,2024-02-22 22:57:22
133,14,10,1543,2,0,0,2024-02-22 22:57:22
134,8,15,1544,2,0,0,2024-02-22 22:57:22
135,8,16,1545,2,0,0,2024-02-22 22:57:22
136,24,3,1546,1,0,0,2024-02-22 22:57:22
137,2,10,1547,0,0,0,2024-02-22 22:57:22
138,11,12,1548,2,0,0,2024-02-22 22:57:22
139,8,15,1549,2,0,0,2024-02-22 22:57:22
140,12,14,1550,2,0,0,2024-02-22 22:57:22
141,9,14,1551,2,0,0,2024-02-22 22:57:22
142,5,14,1552,0,0,0,2024-02-22 22:57:22
143,17,6,1553,1,0,0,2024-02-22 22:57:22
144,1,22,1554,0,0,0,2024-02-22 22:57:22
145,0,23,1555,0,0,0,2024-02-22 22:57:22
146,12,15,1557,2,0,0,2024-02-22 22:57:22
147,14,9,1558,2,0,0,2024-02-22 22:57:22
148,0,23,1559,0,0,0,2024-02-22 22:57:22
149,6,18,1560,0,0,0,2024-02-22 22:57:22
150,6,17,1561,0,0,0,2024-02-22 22:57:22
151,2,22,1562,0,0,0,2024-02-22 22:57:22
152,9,14,1564,2,0,0,2024-02-22 22:57:22
153,2,21,1565,0,0,0,2024-02-22 22:57:22
154,2,22,1566,0,0,0,2024-02-22 22:57:22
155,7,17,2152,0,0,0,2024-02-22 22:57:22
156,15,3,2153,1,0,0,2024-02-22 22:57:22
157,13,11,2154,2,0,0,2024-02-22 22:57:22
158,14,10,2155,2,0,0,2024-02-22 22:57:22
159,12,12,2156,2,0,0,2024-02-22 22:57:22
160,4,20,2157,0,0,0,2024-02-22 22:57:22
161,5,19,2158,0,0,0,2024-02-22 22:57:22
162,12,12,2159,2,0,0,2024-02-22 22:57:22
163,14,10,2160,2,0,0,2024-02-22 22:57:22
164,7,17,2161,0,0,0,2024-02-22 22:57:22
165,8,16,2162,2,0,0,2024-02-22 22:57:22
166,10,14,2163,2,0,0,2024-02-22 22:57:22
167,9,15,2164,2,0,0,2024-02-22 22:57:22
168,5,19,2165,0,0,0,2024-02-22 22:57:22
169,12,12,2166,2,0,0,2024-02-22 22:57:22
170,6,12,2167,2,0,0,2024-02-22 22:57:22
171,13,5,2168,1,0,0,2024-02-22 22:57:22
172,6,18,2169,0,0,0,2024-02-22 22:57:22
173,5,18,2170,0,0,0,2024-02-22 22:57:22
174,8,19,2171,0,0,0,2024-02-22 22:57:22
175,5,22,2172,0,0,0,2024-02-22 22:57:22
176,11,12,2173,2,0,0,2024-02-22 22:57:22
177,16,7,2174,2,0,0,2024-02-22 22:57:22
178,1,26,2175,0,0,0,2024-02-22 22:57:22
179,9,18,2176,2,0,0,2024-02-22 22:57:22
180,8,15,2177,2,0,0,2024-02-22 22:57:22
181,10,9,2178,2,0,0,2024-02-22 22:57:22
182,15,12,2179,2,0,0,2024-02-22 22:57:22
183,9,15,2180,2,0,0,2024-02-22 22:57:22
184,10,14,2182,2,0,0,2024-02-22 22:57:22
185,24,0,2183,1,0,0,2024-02-22 22:57:22
186,20,4,2184,1,0,0,2024-02-22 22:57:22
187,12,11,2185,2,0,0,2024-02-22 22:57:22
188,14,13,2186,2,0,0,2024-02-22 22:57:22
189,6,21,2187,0,0,0,2024-02-22 22:57:22
190,19,8,2188,1,0,0,2024-02-22 22:57:22
191,9,14,2189,2,0,0,2024-02-22 22:57:22
192,21,6,2190,1,0,0,2024-02-22 22:57:22
193,8,19,2191,0,0,0,2024-02-22 22:57:22
194,16,7,2205,2,0,0,2024-02-22 22:57:22
195,11,12,2207,2,0,0,2024-02-22 22:57:22
196,19,4,2214,1,0,0,2024-02-22 22:57:22
197,7,16,2224,0,0,0,2024-02-22 22:57:22
198,8,15,2225,2,0,0,2024-02-22 22:57:22
199,20,4,2226,1,0,0,2024-02-22 22:57:22
200,15,8,2233,2,0,0,2024-02-22 22:57:22
201,1,22,2234,0,0,0,2024-02-22 22:57:22
202,5,18,2235,0,0,0,2024-02-22 22:57:22
203,16,7,2236,2,0,0,2024-02-22 22:57:22
204,12,11,2237,2,0,0,2024-02-22 22:57:22
205,9,14,2238,2,0,0,2024-02-22 22:57:22
206,27,0,2239,1,0,0,2024-02-22 22:57:22
207,0,23,2240,0,0,0,2024-02-22 22:57:22
208,13,14,2241,2,0,0,2024-02-22 22:57:22
209,13,9,2243,2,0,0,2024-02-22 22:57:22
210,6,21,2244,0,0,0,2024-02-22 22:57:22
211,7,16,2245,0,0,0,2024-02-22 22:57:22
212,18,5,2246,1,0,0,2024-02-22 22:57:22
213,22,1,2247,1,0,0,2024-02-22 22:57:22
214,16,7,2248,2,0,0,2024-02-22 22:57:22
215,16,7,2249,2,0,0,2024-02-22 22:57:22
216,10,13,2250,2,0,0,2024-02-22 22:57:22
217,20,3,2251,1,0,0,2024-02-22 22:57:22
218,10,14,2252,2,0,0,2024-02-22 22:57:22
219,5,19,2254,0,0,0,2024-02-22 22:57:22
220,19,5,2255,1,0,0,2024-02-22 22:57:22
221,11,13,2256,2,0,0,2024-02-22 22:57:22
222,0,24,2257,0,0,0,2024-02-22 22:57:22
223,6,18,2258,0,0,0,2024-02-22 22:57:22
224,18,6,2259,1,0,0,2024-02-22 22:57:22
225,14,10,2260,2,0,0,2024-02-22 22:57:22
226,7,17,2261,0,0,0,2024-02-22 22:57:22
227,17,7,2262,2,0,0,2024-02-22 22:57:22
228,8,10,2263,2,0,0,2024-02-22 22:57:22
229,13,5,2264,1,0,0,2024-02-22 22:57:22
230,3,21,2265,0,0,0,2024-02-22 22:57:22
231,22,1,2266,1,0,0,2024-02-22 22:57:22
232,22,1,2267,1,0,0,2024-02-22 22:57:22
233,22,1,2268,1,0,0,2024-02-22 22:57:22
234,10,13,2269,2,0,0,2024-02-22 22:57:22
235,8,16,2270,2,0,0,2024-02-22 22:57:22
236,13,11,2271,2,0,0,2024-02-22 22:57:22
237,8,16,2272,2,0,0,2024-02-22 22:57:22
238,7,17,2273,0,0,0,2024-02-22 22:57:22
239,15,8,2274,2,0,0,2024-02-22 22:57:22
240,18,9,2275,2,0,0,2024-02-22 22:57:22
241,18,9,2276,2,0,0,2024-02-22 22:57:22
242,14,10,2278,2,0,0,2024-02-22 22:57:22
243,9,15,2279,2,0,0,2024-02-22 22:57:22
244,14,10,2280,2,0,0,2024-02-22 22:57:22
245,0,23,2281,0,0,0,2024-02-22 22:57:22
246,21,3,2282,1,0,0,2024-02-22 22:57:22
247,18,9,2283,2,0,0,2024-02-22 22:57:22
248,19,4,2285,1,0,0,2024-02-22 22:57:22
249,2,21,2286,0,0,0,2024-02-22 22:57:22
250,16,7,2287,2,0,0,2024-02-22 22:57:22
251,9,14,2288,2,0,0,2024-02-22 22:57:22
252,10,13,2289,2,0,0,2024-02-22 22:57:22
253,21,3,2290,1,0,0,2024-02-22 22:57:22
254,0,23,2291,0,0,0,2024-02-22 22:57:22
255,6,17,2292,0,0,0,2024-02-22 22:57:22
256,11,16,2293,2,0,0,2024-02-22 22:57:22
257,10,14,2294,2,0,0,2024-02-22 22:57:22
258,13,6,2297,2,0,0,2024-02-22 22:57:22
259,4,19,2298,0,0,0,2024-02-22 22:57:22
260,23,0,2299,1,0,0,2024-02-22 22:57:22
261,1,22,2300,0,0,0,2024-02-22 22:57:22
262,10,17,2301,2,0,0,2024-02-22 22:57:22
263,17,10,2302,2,0,0,2024-02-22 22:57:22
264,1,22,2303,0,0,0,2024-02-22 22:57:22
265,14,1,2304,1,0,0,2024-02-22 22:57:22
266,22,1,2305,1,0,0,2024-02-22 22:57:22
267,21,2,2306,1,0,0,2024-02-22 22:57:22
268,7,16,2307,0,0,0,2024-02-22 22:57:22
269,9,14,2308,2,0,0,2024-02-22 22:57:22
270,11,12,2309,2,0,0,2024-02-22 22:57:22
271,16,8,2311,2,0,0,2024-02-22 22:57:22
272,2,22,2312,0,0,0,2024-02-22 22:57:22
273,6,21,2313,0,0,0,2024-02-22 22:57:22
274,9,15,2314,2,0,0,2024-02-22 22:57:22
275,21,3,2315,1,0,0,2024-02-22 22:57:22
276,13,11,2316,2,0,0,2024-02-22 22:57:22
277,11,16,2317,2,0,0,2024-02-22 22:57:22
278,16,11,2318,2,0,0,2024-02-22 22:57:22
279,11,12,2319,2,0,0,2024-02-22 22:57:22
280,2,25,2320,0,0,0,2024-02-22 22:57:22
281,19,4,2321,1,0,0,2024-02-22 22:57:22
282,3,20,2322,0,0,0,2024-02-22 22:57:22
283,14,9,2323,2,0,0,2024-02-22 22:57:22
284,3,21,2324,0,0,0,2024-02-22 22:57:22
285,13,11,2325,2,0,0,2024-02-22 22:57:22
286,2,22,2326,0,0,0,2024-02-22 22:57:22
287,9,14,2327,2,0,0,2024-02-22 22:57:22
288,15,9,2328,2,0,0,2024-02-22 22:57:22
289,5,18,2329,0,0,0,2024-02-22 22:57:22
290,9,10,2330,2,0,0,2024-02-22 22:57:22
291,19,4,2331,1,0,0,2024-02-22 22:57:22
292,23,0,2332,1,0,0,2024-02-22 22:57:22
293,19,4,2333,1,0,0,2024-02-22 22:57:22
294,15,12,2334,2,0,0,2024-02-22 22:57:22
295,18,5,2335,1,0,0,2024-02-22 22:57:22
296,14,10,2337,2,0,0,2024-02-22 22:57:22
297,20,3,2339,1,0,0,2024-02-22 22:57:22
298,2,25,2340,0,0,0,2024-02-22 22:57:22
299,19,8,2341,1,0,0,2024-02-22 22:57:22
300,19,8,2342,1,0,0,2024-02-22 22:57:22
301,23,4,2343,1,0,0,2024-02-22 22:57:22
302,9,14,2347,2,0,0,2024-02-22 22:57:22
303,9,14,2348,2,0,0,2024-02-22 22:57:22
304,10,13,2349,2,0,0,2024-02-22 22:57:22
305,8,15,2350,2,0,0,2024-02-22 22:57:22
306,0,23,2351,0,0,0,2024-02-22 22:57:22
307,4,19,2352,0,0,0,2024-02-22 22:57:22
308,8,19,2359,0,0,0,2024-02-22 22:57:22
309,4,19,2360,0,0,0,2024-02-22 22:57:22
310,19,5,2362,1,0,0,2024-02-22 22:57:22
311,10,13,2365,2,0,0,2024-02-22 22:57:22
312,11,12,2366,2,0,0,2024-02-22 22:57:22
313,6,21,1567,0,0,0,2024-02-22 22:57:22
314,20,3,1568,1,0,0,2024-02-22 22:57:22
315,14,5,1569,1,0,0,2024-02-22 22:57:22
316,11,16,1570,2,0,0,2024-02-22 22:57:22
317,25,18,1571,2,0,0,2024-02-22 22:57:22
318,22,5,1572,1,0,0,2024-02-22 22:57:22
319,14,13,1573,2,0,0,2024-02-22 22:57:22
320,15,8,1574,2,0,0,2024-02-22 22:57:22
321,7,17,1575,0,0,0,2024-02-22 22:57:22
322,8,16,1576,2,0,0,2024-02-22 22:57:22
323,11,16,1577,2,0,0,2024-02-22 22:57:22
324,22,1,1578,1,0,0,2024-02-22 22:57:22
325,22,2,1579,1,0,0,2024-02-22 22:57:22
326,12,15,1580,2,0,0,2024-02-22 22:57:22
327,10,9,1581,2,0,0,2024-02-22 22:57:22
328,11,12,1583,2,0,0,2024-02-22 22:57:22
329,13,11,1584,2,0,0,2024-02-22 22:57:22
330,3,21,1585,0,0,0,2024-02-22 22:57:22
331,13,10,1586,2,0,0,2024-02-22 22:57:22
332,9,18,1587,2,0,0,2024-02-22 22:57:22
333,1,22,1588,0,0,0,2024-02-22 22:57:22
334,4,19,1589,0,0,0,2024-02-22 22:57:22
335,14,10,1590,2,0,0,2024-02-22 22:57:22
336,6,18,1591,0,0,0,2024-02-22 22:57:22
337,7,16,1592,0,0,0,2024-02-22 22:57:22
338,11,12,1593,2,0,0,2024-02-22 22:57:22
339,13,14,1594,2,0,0,2024-02-22 22:57:22
340,20,3,1595,1,0,0,2024-02-22 22:57:22
341,18,5,1596,1,0,0,2024-02-22 22:57:22
342,7,12,1597,2,0,0,2024-02-22 22:57:22
343,22,5,1598,1,0,0,2024-02-22 22:57:22
344,21,6,1599,1,0,0,2024-02-22 22:57:22
345,12,12,1600,2,0,0,2024-02-22 22:57:22
346,15,9,1601,2,0,0,2024-02-22 22:57:22
347,1,26,1602,0,0,0,2024-02-22 22:57:22
348,2,21,1603,0,0,0,2024-02-22 22:57:22
349,12,11,1604,2,0,0,2024-02-22 22:57:22
350,15,12,1605,2,0,0,2024-02-22 22:57:22
351,21,3,1606,1,0,0,2024-02-22 22:57:22
352,6,17,1607,0,0,0,2024-02-22 22:57:22
353,6,21,1608,0,0,0,2024-02-22 22:57:22
354,5,19,1609,0,0,0,2024-02-22 22:57:22
355,5,18,1610,0,0,0,2024-02-22 22:57:22
356,4,19,1611,0,0,0,2024-02-22 22:57:22
357,4,19,1612,0,0,0,2024-02-22 22:57:22
358,1,18,1613,0,0,0,2024-02-22 22:57:22
359,12,6,1614,2,0,0,2024-02-22 22:57:22
360,14,9,1615,2,0,0,2024-02-22 22:57:22
361,14,13,1616,2,0,0,2024-02-22 22:57:22
362,19,4,1617,1,0,0,2024-02-22 22:57:22
363,25,2,1618,1,0,0,2024-02-22 22:57:22
364,9,14,1619,2,0,0,2024-02-22 22:57:22
365,3,21,1620,0,0,0,2024-02-22 22:57:22
366,8,15,1621,2,0,0,2024-02-22 22:57:22
367,1,26,1622,0,0,0,2024-02-22 22:57:22
368,10,13,1623,2,0,0,2024-02-22 22:57:22
369,3,20,1624,0,0,0,2024-02-22 22:57:22
370,7,11,1625,2,0,0,2024-02-22 22:57:22
371,21,3,1626,1,0,0,2024-02-22 22:57:22
372,14,9,1627,2,0,0,2024-02-22 22:57:22
373,19,4,1628,1,0,0,2024-02-22 22:57:22
374,23,4,1629,1,0,0,2024-02-22 22:57:22
375,14,13,1630,2,0,0,2024-02-22 22:57:22
376,11,13,1631,2,0,0,2024-02-22 22:57:22
377,15,8,1632,2,0,0,2024-02-22 22:57:22
378,13,11,1633,2,0,0,2024-02-22 22:57:22
379,14,4,1634,1,0,0,2024-02-22 22:57:22
380,19,4,1635,1,0,0,2024-02-22 22:57:22
381,5,19,1636,0,0,0,2024-02-22 22:57:22
382,8,16,1637,2,0,0,2024-02-22 22:57:22
383,3,24,1638,0,0,0,2024-02-22 22:57:22
384,8,16,1639,2,0,0,2024-02-22 22:57:22
385,6,18,1640,0,0,0,2024-02-22 22:57:22
386,20,3,1641,1,0,0,2024-02-22 22:57:22
387,14,13,1642,2,0,0,2024-02-22 22:57:22
388,0,0,1643,3,1,0,2024-02-22 22:57:22
389,15,9,1644,2,0,0,2024-02-22 22:57:22
390,13,10,1645,2,0,0,2024-02-22 22:57:22
391,4,19,1646,0,0,0,2024-02-22 22:57:22
392,16,7,1647,2,0,0,2024-02-22 22:57:22
393,15,8,1648,2,0,0,2024-02-22 22:57:22
394,12,11,1649,2,0,0,2024-02-22 22:57:22
395,1,22,1650,0,0,0,2024-02-22 22:57:22
396,23,1,1651,1,0,0,2024-02-22 22:57:22
397,11,16,1652,2,0,0,2024-02-22 22:57:22
398,8,15,1653,2,0,0,2024-02-22 22:57:22
399,9,18,1654,2,0,0,2024-02-22 22:57:22
400,15,9,1655,2,0,0,2024-02-22 22:57:22
401,12,15,1656,2,0,0,2024-02-22 22:57:22
402,4,19,1657,0,0,0,2024-02-22 22:57:22
403,10,13,1658,2,0,0,2024-02-22 22:57:22
404,7,12,1659,2,0,0,2024-02-22 22:57:22
405,2,21,1660,0,0,0,2024-02-22 22:57:22
406,11,12,1661,2,0,0,2024-02-22 22:57:22
407,8,15,1662,2,0,0,2024-02-22 22:57:22
408,0,23,1663,0,0,0,2024-02-22 22:57:22
409,2,22,1664,0,0,0,2024-02-22 22:57:22
410,0,19,1665,0,0,0,2024-02-22 22:57:22
411,0,24,1666,0,0,0,2024-02-22 22:57:22
412,0,23,1667,0,0,0,2024-02-22 22:57:22
413,21,2,1951,1,0,0,2024-02-22 22:57:22
414,16,7,1952,2,0,0,2024-02-22 22:57:22
415,10,13,1953,2,0,0,2024-02-22 22:57:22
416,18,5,1954,1,0,0,2024-02-22 22:57:22
417,19,4,1955,1,0,0,2024-02-22 22:57:22
418,18,5,1956,1,0,0,2024-02-22 22:57:22
419,7,16,1957,0,0,0,2024-02-22 22:57:22
420,9,14,1958,2,0,0,2024-02-22 22:57:22
421,1,22,1959,0,0,0,2024-02-22 22:57:22
422,3,24,1960,0,0,0,2024-02-22 22:57:22
423,7,16,1961,0,0,0,2024-02-22 22:57:22
424,1,22,1962,0,0,0,2024-02-22 22:57:22
425,7,20,1963,0,0,0,2024-02-22 22:57:22
426,7,16,1964,0,0,0,2024-02-22 22:57:22
427,5,18,1965,0,0,0,2024-02-22 22:57:22
428,15,8,1966,2,0,0,2024-02-22 22:57:22
429,8,15,1967,2,0,0,2024-02-22 22:57:22
430,11,12,1968,2,0,0,2024-02-22 22:57:22
431,9,14,1969,2,0,0,2024-02-22 22:57:22
432,12,11,1970,2,0,0,2024-02-22 22:57:22
433,6,17,1971,0,0,0,2024-02-22 22:57:22
434,4,19,1972,0,0,0,2024-02-22 22:57:22
435,11,12,1973,2,0,0,2024-02-22 22:57:22
436,5,22,1974,0,0,0,2024-02-22 22:57:22
437,8,15,1975,2,0,0,2024-02-22 22:57:22
438,7,16,1976,0,0,0,2024-02-22 22:57:22
439,14,13,1977,2,0,0,2024-02-22 22:57:22
440,23,4,1978,1,0,0,2024-02-22 22:57:22
441,12,15,1979,2,0,0,2024-02-22 22:57:22
442,4,23,1980,0,0,0,2024-02-22 22:57:22
443,11,12,1981,2,0,0,2024-02-22 22:57:22
444,4,23,1982,0,0,0,2024-02-22 22:57:22
445,13,10,1983,2,0,0,2024-02-22 22:57:22
446,20,7,1984,1,0,0,2024-02-22 22:57:22
447,2,21,1985,0,0,0,2024-02-22 22:57:22
448,13,10,1986,2,0,0,2024-02-22 22:57:22
449,17,6,1987,1,0,0,2024-02-22 22:57:22
450,10,13,1988,2,0,0,2024-02-22 22:57:22
451,4,19,1989,0,0,0,2024-02-22 22:57:22
452,22,1,1990,1,0,0,2024-02-22 22:57:22
453,10,14,1991,2,0,0,2024-02-22 22:57:22
454,26,1,1992,1,0,0,2024-02-22 22:57:22
455,16,7,1993,2,0,0,2024-02-22 22:57:22
456,12,15,1994,2,0,0,2024-02-22 22:57:22
457,10,13,1995,2,0,0,2024-02-22 22:57:22
458,12,11,1996,2,0,0,2024-02-22 22:57:22
459,7,16,1997,0,0,0,2024-02-22 22:57:22
460,19,4,1998,1,0,0,2024-02-22 22:57:22
461,19,4,1999,1,0,0,2024-02-22 22:57:22
462,14,9,2000,2,0,0,2024-02-22 22:57:22
463,12,12,2001,2,0,0,2024-02-22 22:57:22
464,5,14,2002,0,0,0,2024-02-22 22:57:22
465,10,17,2003,2,0,0,2024-02-22 22:57:22
466,18,5,2004,1,0,0,2024-02-22 22:57:22
467,11,12,2005,2,0,0,2024-02-22 22:57:22
468,7,17,2006,0,0,0,2024-02-22 22:57:22
469,15,12,2007,2,0,0,2024-02-22 22:57:22
470,9,14,2008,2,0,0,2024-02-22 22:57:22
471,18,5,2009,1,0,0,2024-02-22 22:57:22
472,14,13,2010,2,0,0,2024-02-22 22:57:22
473,18,9,2011,2,0,0,2024-02-22 22:57:22
474,19,8,2012,1,0,0,2024-02-22 22:57:22
475,6,17,2013,0,0,0,2024-02-22 22:57:22
476,13,10,2014,2,0,0,2024-02-22 22:57:22
477,12,11,2015,2,0,0,2024-02-22 22:57:22
478,12,11,2017,2,0,0,2024-02-22 22:57:22
479,8,15,2019,2,0,0,2024-02-22 22:57:22
480,6,17,2020,0,0,0,2024-02-22 22:57:22
481,15,8,2021,2,0,0,2024-02-22 22:57:22
482,16,7,2022,2,0,0,2024-02-22 22:57:22
483,22,5,2023,1,0,0,2024-02-22 22:57:22
484,10,14,2024,2,0,0,2024-02-22 22:57:22
485,6,17,2025,0,0,0,2024-02-22 22:57:22
486,9,15,2026,2,0,0,2024-02-22 22:57:22
487,21,3,2027,1,0,0,2024-02-22 22:57:22
488,20,4,2028,1,0,0,2024-02-22 22:57:22
489,8,16,2029,2,0,0,2024-02-22 22:57:22
490,8,16,2030,2,0,0,2024-02-22 22:57:22
491,9,15,2031,2,0,0,2024-02-22 22:57:22
492,13,11,2032,2,0,0,2024-02-22 22:57:22
493,12,12,2033,2,0,0,2024-02-22 22:57:22
494,11,13,2034,2,0,0,2024-02-22 22:57:22
495,3,21,2035,0,0,0,2024-02-22 22:57:22
496,11,13,2036,2,0,0,2024-02-22 22:57:22
497,6,18,2037,0,0,0,2024-02-22 22:57:22
498,2,22,2038,0,0,0,2024-02-22 22:57:22
499,2,22,2039,0,0,0,2024-02-22 22:57:22
500,10,17,2040,2,0,0,2024-02-22 22:57:22
501,21,3,2041,1,0,0,2024-02-22 22:57:22
502,24,0,2042,1,0,0,2024-02-22 22:57:22
503,3,21,2043,0,0,0,2024-02-22 22:57:22
504,13,11,2044,2,0,0,2024-02-22 22:57:22
505,15,9,2045,2,0,0,2024-02-22 22:57:22
506,22,2,2046,1,0,0,2024-02-22 22:57:22
507,20,4,2047,1,0,0,2024-02-22 22:57:22
508,16,8,2048,2,0,0,2024-02-22 22:57:22
509,16,8,2049,2,0,0,2024-02-22 22:57:22
510,10,14,2050,2,0,0,2024-02-22 22:57:22
511,13,11,2051,2,0,0,2024-02-22 22:57:22
512,11,13,2052,2,0,0,2024-02-22 22:57:22
513,15,3,2053,1,0,0,2024-02-22 22:57:22
514,6,18,2054,0,0,0,2024-02-22 22:57:22
515,3,21,2055,0,0,0,2024-02-22 22:57:22
516,10,14,2056,2,0,0,2024-02-22 22:57:22
517,4,20,2057,0,0,0,2024-02-22 22:57:22
518,18,6,2059,1,0,0,2024-02-22 22:57:22
519,5,19,2060,0,0,0,2024-02-22 22:57:22
520,17,7,2062,1,0,0,2024-02-22 22:57:22
521,8,16,2063,2,0,0,2024-02-22 22:57:22
522,1,23,2064,0,0,0,2024-02-22 22:57:22
523,9,15,2065,2,0,0,2024-02-22 22:57:22
524,15,9,2066,2,0,0,2024-02-22 22:57:22
525,15,9,2067,2,0,0,2024-02-22 22:57:22
526,15,9,2068,2,0,0,2024-02-22 22:57:22
527,16,7,2069,2,0,0,2024-02-22 22:57:22
528,19,5,2070,1,0,0,2024-02-22 22:57:22
529,24,0,2071,1,0,0,2024-02-22 22:57:22
530,9,14,2072,2,0,0,2024-02-22 22:57:22
531,23,1,2073,1,0,0,2024-02-22 22:57:22
532,21,2,2074,1,0,0,2024-02-22 22:57:22
533,20,4,2075,1,0,0,2024-02-22 22:57:22
534,0,24,2076,0,0,0,2024-02-22 22:57:22
535,6,18,2077,0,0,0,2024-02-22 22:57:22
536,23,1,2078,1,0,0,2024-02-22 22:57:22
537,0,0,2079,3,1,0,2024-02-22 22:57:22
538,9,15,2080,2,0,0,2024-02-22 22:57:22
539,12,12,2081,2,0,0,2024-02-22 22:57:22
540,7,17,2082,0,0,0,2024-02-22 22:57:22
541,13,11,2083,2,0,0,2024-02-22 22:57:22
542,4,20,2084,0,0,0,2024-02-22 22:57:22
543,6,18,2085,0,0,0,2024-02-22 22:57:22
544,10,14,2086,2,0,0,2024-02-22 22:57:22
545,17,7,2087,1,0,0,2024-02-22 22:57:22
546,13,11,2088,2,0,0,2024-02-22 22:57:22
547,9,15,2089,2,0,0,2024-02-22 22:57:22
548,10,14,2090,2,0,0,2024-02-22 22:57:22
549,16,11,2091,2,0,0,2024-02-22 22:57:22
550,10,14,2092,2,0,0,2024-02-22 22:57:22
551,2,24,2093,0,0,0,2024-02-22 22:57:22
552,24,0,2094,1,0,0,2024-02-22 22:57:22
553,13,11,2095,2,0,0,2024-02-22 22:57:22
554,10,13,2096,2,0,0,2024-02-22 22:57:22
555,11,12,2097,2,0,0,2024-02-22 22:57:22
556,22,1,2098,1,0,0,2024-02-22 22:57:22
557,9,15,2099,2,0,0,2024-02-22 22:57:22
558,6,21,2100,0,0,0,2024-02-22 22:57:22
559,2,22,2101,0,0,0,2024-02-22 22:57:22
560,3,24,2102,0,0,0,2024-02-22 22:57:22
561,4,20,2103,0,0,0,2024-02-22 22:57:22
562,7,16,2104,0,0,0,2024-02-22 22:57:22
563,8,15,2105,2,0,0,2024-02-22 22:57:22
564,1,26,2106,0,0,0,2024-02-22 22:57:22
565,4,19,2107,0,0,0,2024-02-22 22:57:22
566,16,8,2108,2,0,0,2024-02-22 22:57:22
567,5,18,2109,0,0,0,2024-02-22 22:57:22
568,16,3,2110,1,0,0,2024-02-22 22:57:22
569,16,8,2111,2,0,0,2024-02-22 22:57:22
570,9,15,2112,2,0,0,2024-02-22 22:57:22
571,5,19,2113,0,0,0,2024-02-22 22:57:22
572,10,14,2114,2,0,0,2024-02-22 22:57:22
573,13,10,2115,2,0,0,2024-02-22 22:57:22
574,12,12,2116,2,0,0,2024-02-22 22:57:22
575,19,0,2117,1,0,0,2024-02-22 22:57:22
576,6,21,2118,0,0,0,2024-02-22 22:57:22
577,11,16,2119,2,0,0,2024-02-22 22:57:22
578,8,16,2120,2,0,0,2024-02-22 22:57:22
579,13,14,2121,2,0,0,2024-02-22 22:57:22
580,12,11,2122,2,0,0,2024-02-22 22:57:22
581,14,9,2123,2,0,0,2024-02-22 22:57:22
582,9,14,2124,2,0,0,2024-02-22 22:57:22
583,10,14,2125,2,0,0,2024-02-22 22:57:22
584,15,8,2126,2,0,0,2024-02-22 22:57:22
585,18,5,2127,1,0,0,2024-02-22 22:57:22
586,18,5,2128,1,0,0,2024-02-22 22:57:22
587,10,13,2129,2,0,0,2024-02-22 22:57:22
588,12,15,2130,2,0,0,2024-02-22 22:57:22
589,15,12,2131,2,0,0,2024-02-22 22:57:22
590,9,14,2132,2,0,0,2024-02-22 22:57:22
591,8,15,2133,2,0,0,2024-02-22 22:57:22
592,9,14,2134,2,0,0,2024-02-22 22:57:22
593,7,16,2135,0,0,0,2024-02-22 22:57:22
594,1,22,2136,0,0,0,2024-02-22 22:57:22
595,12,11,2137,2,0,0,2024-02-22 22:57:22
596,3,24,2138,0,0,0,2024-02-22 22:57:22
597,7,8,2139,2,0,0,2024-02-22 22:57:22
598,2,21,2140,0,0,0,2024-02-22 22:57:22
599,12,11,2141,2,0,0,2024-02-22 22:57:22
600,8,19,2142,0,0,0,2024-02-22 22:57:22
601,16,11,2143,2,0,0,2024-02-22 22:57:22
602,13,10,2144,2,0,0,2024-02-22 22:57:22
603,16,11,2145,2,0,0,2024-02-22 22:57:22
604,8,15,2146,2,0,0,2024-02-22 22:57:22
605,16,7,2147,2,0,0,2024-02-22 22:57:22
606,8,19,2148,0,0,0,2024-02-22 22:57:22
607,6,21,2149,0,0,0,2024-02-22 22:57:22
608,9,10,2150,2,0,0,2024-02-22 22:57:22
609,6,21,2151,0,0,0,2024-02-22 22:57:22
610,0,0,2368,3,1,0,2024-02-22 22:57:22
611,20,4,2061,1,0,0,2024-02-22 22:57:22
612,24,3,1530,1,0,0,2024-02-22 22:57:22
