,address,code_district,code_suburb,dock_bikes,free_bases,id,light,name,no_available,number,reservations_count,total_bases,date_time,longitude,latitude,coordinates
0,"Calle María de las Mercedes de Borbón, 214,",16,166,12,11,2365,2,"262 - María de las Mercedes de Borbón, 214",0,262,0,23,2024-02-12 04:34:20,-3.620114,40.4928683,"(-3.620114, 40.4928683)"
1,"Calle María de las Mercedes de Borbón, 98,",16,166,6,17,2366,0,"611 - María de las Mercedes de Borbón, 98",0,611,0,23,2024-02-12 04:34:20,-3.6121068531215528,40.490908297996654,"(-3.6121068531215528, 40.490908297996654)"
2,"237- calle Francisco Balseiro,Comunidad de Madrid España",06,061,9,15,2362,2,237 -  calle Francisco Balseiro,0,237,0,24,2024-02-12 04:34:20,-3.7102736,40.4516819,"(-3.7102736, 40.4516819)"
3,"para borrar,",16,166,0,0,1404,3,0 - para borrar,1,0,0,0,2024-02-12 04:34:20,-3.62018,40.49291,"(-3.62018, 40.49291)"
4,"Calle Miguel Moya nº 1,",01,015,13,14,1406,2,2 - Miguel Moya,0,2,0,27,2024-02-12 04:34:20,-3.70569,40.4204,"(-3.70569, 40.4204)"
5,"Plaza del Conde del Valle de Súchil nº 3,",07,072,6,13,1407,0,3 - Plaza Conde Suchil,0,3,0,19,2024-02-12 04:34:20,-3.7072537,40.4303223,"(-3.7072537, 40.4303223)"
6,"Calle Manuela Malasaña nº 5,",01,015,20,7,1408,1,4 - Malasaña,0,4,0,27,2024-02-12 04:34:20,-3.7025,40.4286259,"(-3.7025, 40.4286259)"
7,"C. de Castiello de Jaca, 14,",08,086,9,14,2352,2,"603 - C. de Castiello de Jaca, 14",0,603,0,23,2024-02-12 04:34:20,-3.6782027,40.5091982,"(-3.6782027, 40.5091982)"
8,"Bardegueral 15,Comunidad de Madrid España",09,097,1,22,2360,0,610 - Bardegueral,0,610,0,23,2024-02-12 04:34:20,-3.7719097,40.4501721,"(-3.7719097, 40.4501721)"
9,"Calle Fuencarral nº 108,",01,014,15,12,1409,2,5 - Fuencarral,0,5,0,27,2024-02-12 04:34:20,-3.7021354,40.4285212,"(-3.7021354, 40.4285212)"
10,"Calle Hortaleza nº 63,",01,014,12,7,1410,2,6 - Colegio Arquitectos,0,6,0,19,2024-02-12 04:34:20,-3.698447,40.424148,"(-3.698447, 40.424148)"
11,"Calle Hortaleza nº 75,",01,014,10,9,1411,2,7 - Hortaleza,0,7,0,19,2024-02-12 04:34:20,-3.6977715,40.4251906,"(-3.6977715, 40.4251906)"
12,"Plaza de Alonso Martínez nº 5,",07,074,8,15,1412,2,8 - Alonso Martínez,0,8,0,24,2024-02-12 04:34:20,-3.6954403,40.4278682,"(-3.6954403, 40.4278682)"
13,"Plaza de San Miguel nº 9,",01,011,18,6,1413,1,9 - Plaza de San Miguel,0,9,0,24,2024-02-12 04:34:20,-3.7095084,40.4156057,"(-3.7095084, 40.4156057)"
14,"Calle Marqués de la Ensenada nº 16,",01,014,9,14,1414,2,10 - Marqués de la Ensenada,0,10,0,23,2024-02-12 04:34:20,-3.692104,40.425403,"(-3.692104, 40.425403)"
15,"Calle San Andrés nº 18,",01,015,6,17,1415,0,11 - San Andrés,0,11,0,23,2024-02-12 04:34:20,-3.7036,40.427,"(-3.7036, 40.427)"
16,"Calle San Bernardo nº 85,",01,015,21,6,1416,1,12 - San Hermenegildo,0,12,0,27,2024-02-12 04:34:20,-3.7061406,40.4284667,"(-3.7061406, 40.4284667)"
17,"Calle Conde Duque nº 22,",01,015,13,10,1417,2,13 - Conde Duque,0,13,0,23,2024-02-12 04:34:20,-3.7105,40.4273,"(-3.7105, 40.4273)"
18,"Ventura Rodriguez, 2,",09,092,16,11,1418,2,14 - Ventura Rodríguez,0,14,0,27,2024-02-12 04:34:20,-3.7133069,40.4260425,"(-3.7133069, 40.4260425)"
19,"Avda del Ensanche de Vallecas, 80,",18,183,11,16,2340,2,"448 - Avda del Ensanche de Vallecas, 80",0,448,0,27,2024-02-12 04:34:20,-3.599352,40.363376,"(-3.599352, 40.363376)"
20,"Calle de los Pinillas, 19,",19,192,17,10,2341,2,"472 - Calle de los Pinillas, 19",0,472,0,27,2024-02-12 04:34:20,-3.6211485,40.3987974,"(-3.6211485, 40.3987974)"
21,"473 - Calle de Vilablanca, frente  85,",19,191,18,9,2342,2,"473 - Calle de Villablanca, frente  85",0,473,0,27,2024-02-12 04:34:20,-3.59888007,40.40500033,"(-3.59888007, 40.40500033)"
22,"Calle San Cipriano, 124,",19,193,11,16,2343,2,"474 - Calle San Cipriano, 124",0,474,0,27,2024-02-12 04:34:20,-3.596875,40.402255,"(-3.596875, 40.402255)"
23,"541- Avda. Gran Vía de Hortaleza, 68,",16,163,12,11,2347,2,"541 - Avda. Gran Vía de Hortaleza, 68",0,541,0,23,2024-02-12 04:34:20,-3.6468591,40.4682706,"(-3.6468591, 40.4682706)"
24,"546 - Calle Andorra, 6,",16,163,6,17,2348,0,"546 - Calle Andorra, 6",0,546,0,23,2024-02-12 04:34:20,-3.6467519,40.4628976,"(-3.6467519, 40.4628976)"
25,"550 - Calle del Príncipe Carlos, 54,",16,166,10,13,2349,2,"550 - Calle del Príncipe Carlos, 54",0,550,0,23,2024-02-12 04:34:20,-3.656674,40.4941108,"(-3.656674, 40.4941108)"
26,"553 - Calle de María de Portugal, 24,",16,166,13,10,2350,2,"553 - Calle de María de Portugal, 24",0,553,0,23,2024-02-12 04:34:20,-3.658921,40.499909,"(-3.658921, 40.499909)"
27,"601 -  Estación  Cerc. Fuencarral-El Pardo, ,",08,086,8,15,2351,2,"601 -  Estación  Cerc. Fuencarral-El Pardo, ",0,601,0,23,2024-02-12 04:34:20,-3.6824687,40.5015588,"(-3.6824687, 40.5015588)"
28,"Calle norte nº 8,",01,015,12,7,1419,2,15 - Norte,0,15,0,19,2024-02-12 04:34:20,-3.7074453,40.4262383,"(-3.7074453, 40.4262383)"
29,"Calle San Bernardo nº 22,",01,015,6,13,1420,0,16 - San Bernardo,0,16,0,19,2024-02-12 04:34:20,-3.7074808485065,40.4229374,"(-3.7074808485065, 40.4229374)"
30,"Plaza de Carlos Cambronero nº 2,",01,015,9,14,1421,2,17 - Carlos Cambronero,0,17,0,23,2024-02-12 04:34:20,-3.704166,40.423126,"(-3.704166, 40.423126)"
31,"Plaza de Pedro Zerolo nº 1,",01,014,3,21,1422,0,18 - Plaza de Pedro Zerolo,0,18,0,24,2024-02-12 04:34:20,-3.6996776,40.4209251,"(-3.6996776, 40.4209251)"
32,"Calle Prim nº 2,",01,014,20,8,1423,1,"19 - Calle Prim, 2",0,19,0,28,2024-02-12 04:34:20,-3.6954983,40.4218616,"(-3.6954983, 40.4218616)"
33,"Calle Carmen de Burgos, 4,",17,174,18,5,2332,1,"407 - Calle Carmen de Burgos, 4",0,407,0,23,2024-02-12 04:34:20,-3.6847883,40.3575459,"(-3.6847883, 40.3575459)"
34,"Paseo de las Yeserías, 15,",02,022,16,7,2333,2,"276 - Paseo de las Yeserías, 15",0,276,0,23,2024-02-12 04:34:20,-3.7099166,40.39900539,"(-3.7099166, 40.39900539)"
35,"340 - Calle Illescas, 1C,",10,104,18,9,2334,2,"340 - Calle Illescas, 1C",0,340,0,27,2024-02-12 04:34:20,-3.7656976,40.3970983,"(-3.7656976, 40.3970983)"
36,"Calle Osa de la Vega, 25-103,",10,107,15,8,2335,2,"342 - Calle Osa de la Vega, 25-103",0,342,0,23,2024-02-12 04:34:20,-3.773381,40.374979,"(-3.773381, 40.374979)"
37,"381 - Alfredo Aleix, 7,",11,116,11,13,2337,2,"381 - Alfredo Aleix, 7",0,381,0,24,2024-02-12 04:34:20,-3.7553916,40.3684767,"(-3.7553916, 40.3684767)"
38,"444 - Calle de Valderrobollo, 18,",18,183,23,0,2339,1,"444 - Calle de Valderrebollo, 18",0,444,0,23,2024-02-12 04:34:20,-3.6276352,40.3743481,"(-3.6276352, 40.3743481)"
39,"Calle Alcalá nº 49,",01,013,6,21,1424,0,20a - Banco de España A,0,20a,0,27,2024-02-12 04:34:20,-3.6952465,40.4188076,"(-3.6952465, 40.4188076)"
40,"Calle Jacometrezo nº 3,",01,016,0,0,1425,3,22 - Jacometrezo,1,22,0,3,2024-02-12 04:34:20,-3.7065376,40.4200783,"(-3.7065376, 40.4200783)"
41,"Plaza de Santo Domingo nº 1,",01,011,4,20,1426,0,23 - Santo Domingo,0,23,0,24,2024-02-12 04:34:20,-3.708249,40.4202595,"(-3.708249, 40.4202595)"
42,"Calle Carlos III nº 1,",01,011,10,8,1427,2,24 - Palacio de Oriente,0,24,0,18,2024-02-12 04:34:20,-3.7106495,40.417767,"(-3.7106495, 40.417767)"
43,"Plaza de Celenque nº 1,",01,016,19,5,1428,1,25a - Plaza de Celenque A,0,25a,0,24,2024-02-12 04:34:20,-3.7057791,40.4173703,"(-3.7057791, 40.4173703)"
44,"Plaza de Celenque nº 1,",01,016,19,5,1429,1,25b - Plaza de Celenque B,0,25b,0,24,2024-02-12 04:34:20,-3.7058976,40.4173687,"(-3.7058976, 40.4173687)"
45,"Plaza de las Salesas 7,",01,014,23,4,1430,1,26 - Plaza de las Salesas,0,26,0,27,2024-02-12 04:34:20,-3.6945,40.4239,"(-3.6945, 40.4239)"
46,"Calle Jesús nº 1,",01,013,6,20,1431,0,27 - Huertas,0,27,0,27,2024-02-12 04:34:20,-3.6957,40.4133,"(-3.6957, 40.4133)"
47,"Calle Alcalá nº 27,",01,013,15,3,1432,1,28 - Sevilla,0,28,0,18,2024-02-12 04:34:20,-3.6984583,40.41806,"(-3.6984583, 40.41806)"
48,"Calle del Marqués de Cubas nº 25,",01,013,15,8,1433,2,29 - Marqués de Cubas,0,29,0,23,2024-02-12 04:34:20,-3.6957434,40.4163838,"(-3.6957434, 40.4163838)"
49,"Calle Pavía nº 6,",01,011,12,15,1434,2,30 - San Quintín,0,30,0,27,2024-02-12 04:34:20,-3.711504,40.4192095,"(-3.711504, 40.4192095)"
50,"Calle Mayor nº 20,",01,016,20,7,1435,1,31 - Calle Mayor,0,31,0,27,2024-02-12 04:34:20,-3.7068969,40.4163638,"(-3.7068969, 40.4163638)"
51,"Plaza de la Provincia nº 1,",01,016,9,9,1436,2,32 - Plaza de la Provincia,0,32,0,18,2024-02-12 04:34:20,-3.7061032,40.4150099,"(-3.7061032, 40.4150099)"
52,"Calle Carretas nº 8,",01,016,10,13,1437,2,33 - Carretas,0,33,0,23,2024-02-12 04:34:20,-3.7033305,40.4165873,"(-3.7033305, 40.4165873)"
53,"Plaza de Jacinto Benavente,",01,016,12,12,1438,2,34 - Jacinto Benavente,0,34,0,24,2024-02-12 04:34:20,-3.7036825,40.4146755,"(-3.7036825, 40.4146755)"
54,"Plaza del Cordón,",01,011,11,13,1439,2,35 - Plaza del Cordón,0,35,0,24,2024-02-12 04:34:20,-3.7103285,40.4141931,"(-3.7103285, 40.4141931)"
55,"Plaza de Ramales,",01,011,19,5,1440,1,36 - Plaza Ramales,0,36,0,24,2024-02-12 04:34:20,-3.71183,40.4168,"(-3.71183, 40.4168)"
56,"Plaza de San Francisco nº 5,",01,011,17,7,1441,1,37 - Plaza de San Francisco,0,37,0,24,2024-02-12 04:34:20,-3.714113,40.4108,"(-3.714113, 40.4108)"
57,"Carrera de San Francisco nº 1,",01,011,14,13,1442,2,38 - Plaza de los Carros,0,38,0,27,2024-02-12 04:34:20,-3.7115898,40.4113586,"(-3.7115898, 40.4113586)"
58,"Plaza de la Cebada nº 16 ,",01,011,21,10,1443,2,39 - Plaza de la Cebada,0,39,0,31,2024-02-12 04:34:20,-3.7088337,40.4112744,"(-3.7088337, 40.4112744)"
59,"Plaza del Conde de Romanones nº 9,",01,012,9,9,1444,2,40 - Conde de Romanones,0,40,0,18,2024-02-12 04:34:20,-3.7047949666162405,40.413778406369765,"(-3.7047949666162405, 40.413778406369765)"
60,"Calle Atocha nº 54,",01,012,4,15,1445,0,41 - Antón Martín,0,41,0,19,2024-02-12 04:34:20,-3.6991147,40.4122047,"(-3.6991147, 40.4122047)"
61,"Calle Santa Isabel 32,",01,012,13,14,1446,2,42 - Santa Isabel,0,42,0,27,2024-02-12 04:34:20,-3.6982922,40.4108488,"(-3.6982922, 40.4108488)"
62,"Calle Lavapiés nº 34,",01,012,4,14,1447,0,43 - Jesús y María,0,43,0,18,2024-02-12 04:34:20,-3.702471,40.4100387,"(-3.702471, 40.4100387)"
63,"Calle Mesón de Paredes nº 35,",01,012,10,9,1448,2,44 - Plaza de Nelson Mandela,0,44,0,19,2024-02-12 04:34:20,-3.7038640533106593,40.40979071254635,"(-3.7038640533106593, 40.40979071254635)"
64,"Glorieta de la Puerta de Toledo nº 1,",01,012,4,15,1449,0,45 - Puerta de Toledo,0,45,0,19,2024-02-12 04:34:20,-3.7111034,40.4068659,"(-3.7111034, 40.4068659)"
65,"Calle Ribera de Curtidores nº 28,",02,022,21,6,1450,1,46 - Ribera de Curtidores,0,46,0,27,2024-02-12 04:34:20,-3.7071259,40.4053153,"(-3.7071259, 40.4053153)"
66,"Glorieta de Embajadores nº 6,",02,022,8,16,1451,2,47 - Embajadores 1,0,47,0,24,2024-02-12 04:34:20,-3.7027998,40.4045772,"(-3.7027998, 40.4045772)"
67,"Glorieta de Embajadores nº 2,",01,012,9,15,1452,2,48 - Embajadores 2,0,48,0,24,2024-02-12 04:34:20,-3.7020566,40.4054815,"(-3.7020566, 40.4054815)"
68,"Ronda de Atocha nº 34,",01,012,18,8,1453,1,49 - Casa Encendida,0,49,0,27,2024-02-12 04:34:20,-3.6992774,40.4060533,"(-3.6992774, 40.4060533)"
69,"Calle Santa Isabel nº 57,",01,012,14,10,1454,2,50 - Museo Reina Sofía,0,50,0,24,2024-02-12 04:34:20,-3.6933463,40.4083684,"(-3.6933463, 40.4083684)"
70,"Ronda de Atocha nº 2,",01,012,14,13,1455,2,51 - Ronda de Atocha,0,51,0,27,2024-02-12 04:34:20,-3.6935205,40.4075606,"(-3.6935205, 40.4075606)"
71,"Plaza de Santa Ana nº 10,",01,013,13,1,1456,1,52 - Plaza de Santa Ana,0,52,0,15,2024-02-12 04:34:20,-3.7007164,40.4144226,"(-3.7007164, 40.4144226)"
72,"Calle Valencia nº 1,",01,012,19,5,1457,1,53 - Plaza de Lavapiés,0,53,0,24,2024-02-12 04:34:20,-3.700754126389314,40.40830870823806,"(-3.700754126389314, 40.40830870823806)"
73,"Calle Barceló nº 7,",01,014,6,13,1458,0,54 - Barceló,0,54,0,19,2024-02-12 04:34:20,-3.700392997553259,40.426599101766264,"(-3.700392997553259, 40.426599101766264)"
74,"Plaza de San Ildefonso,",01,015,13,11,1459,2,55 - Plaza de San Ildefonso,0,55,0,24,2024-02-12 04:34:20,-3.7020842,40.4239757,"(-3.7020842, 40.4239757)"
75,"Plaza del Carmen nº 1,",01,016,8,15,1460,2,56 - Plaza del Carmen ,0,56,0,23,2024-02-12 04:34:20,-3.7032414,40.4184192,"(-3.7032414, 40.4184192)"
76,"Calle Santa Cruz del Marcenado nº 24,",01,015,6,17,1461,0,57 - Santa Cruz del Marcenado,0,57,0,23,2024-02-12 04:34:20,-3.7126299,40.4295658,"(-3.7126299, 40.4295658)"
77,"Calle Augusto Figueroa nº 33,",01,014,17,10,1462,2,58 - Augusto Figueroa,0,58,0,27,2024-02-12 04:34:20,-3.6978583,40.4222783,"(-3.6978583, 40.4222783)"
78,"Calle Espíritu Santo nº 30,",01,015,8,11,1463,2,59 - Plaza de Juan Pujol,0,59,0,19,2024-02-12 04:34:20,-3.7043418,40.4255495,"(-3.7043418, 40.4255495)"
79,"Plaza de la Independencia nº 6,",03,035,6,17,1464,0,60 - Plaza de la Independencia,0,60,0,23,2024-02-12 04:34:20,-3.688398,40.419752,"(-3.688398, 40.419752)"
80,"Calle O'Donnell nº 28,",03,034,16,11,1465,2,61 - Narváez,0,61,0,27,2024-02-12 04:34:20,-3.6753139,40.4214551,"(-3.6753139, 40.4214551)"
81,"Calle O'Donnell nº 50,",03,034,19,8,1466,1,62 - O'Donnell,0,62,0,27,2024-02-12 04:34:20,-3.6724968,40.4213148,"(-3.6724968, 40.4213148)"
82,"Calle Ibiza nº 62,",03,034,16,7,1467,2,63 - Ibiza,0,63,0,23,2024-02-12 04:34:20,-3.6708959,40.4179237,"(-3.6708959, 40.4179237)"
83,"Calle Antonio Maura nº 15,",03,035,13,11,1468,2,65 - Antonio Maura,0,65,0,24,2024-02-12 04:34:20,-3.689424797942769,40.4167014469994,"(-3.689424797942769, 40.4167014469994)"
84,"Calle Almadén nº 28,",01,013,6,17,1469,0,67 - Almadén,0,67,0,23,2024-02-12 04:34:20,-3.693225,40.4108472,"(-3.693225, 40.4108472)"
85,"Calle Espalter nº 1,",03,035,4,15,1470,0,68 - Espalter,0,68,0,19,2024-02-12 04:34:20,-3.6913232,40.4127692,"(-3.6913232, 40.4127692)"
86,"Avenida de Alfonso XII nº 54,",03,035,12,15,1471,2,69 - Puerta del Ángel Caído,0,69,0,27,2024-02-12 04:34:20,-3.688822,40.409808,"(-3.688822, 40.409808)"
87,"Avenida de Menéndez Pelayo nº 63,",03,035,22,4,1472,1,70 - Puerta del Doce de Octubre,0,70,0,27,2024-02-12 04:34:20,-3.677872542327878,40.415382385574716,"(-3.677872542327878, 40.415382385574716)"
88,"Calle Doce de Octubre nº 28,",03,034,10,13,1473,2,71 - Doce de Octubre,0,71,0,23,2024-02-12 04:34:20,-3.6739,40.4161,"(-3.6739, 40.4161)"
89,"Calle Doctor Esquerdo nº 99,",03,036,18,5,1474,1,72 - Sainz de Baranda,0,72,0,23,2024-02-12 04:34:20,-3.6696,40.4159,"(-3.6696, 40.4159)"
90,"Avenida de Nazaret nº 7,",03,033,7,16,1475,0,73 - Plaza de los Astros,0,73,0,23,2024-02-12 04:34:20,-3.6687,40.4115,"(-3.6687, 40.4115)"
91,"Avenida de Menéndez Pelayo nº 69,",03,035,25,2,1476,1,74 - Puerta del Pacífico ,0,74,0,27,2024-02-12 04:34:20,-3.676588763788984,40.41206290978386,"(-3.676588763788984, 40.41206290978386)"
92,"Avenida de Menéndez Pelayo con calle Poeta Esteban Villegas,",03,035,15,11,1477,2,75 - Menéndez Pelayo,0,75,0,27,2024-02-12 04:34:20,-3.6784749,40.4082717,"(-3.6784749, 40.4082717)"
93,"Avenida del Mediterráneo nº 19,",03,036,15,9,1478,2,76 - Puerta de Mariano de Cavia,0,76,0,24,2024-02-12 04:34:20,-3.675102,40.407271,"(-3.675102, 40.407271)"
94,"Plaza del Conde de Casal nº 8,",03,031,13,5,1479,1,77 - Conde de Casal,0,77,0,18,2024-02-12 04:34:20,-3.6707132,40.4064784,"(-3.6707132, 40.4064784)"
95,"Calle Cerro de la Plata nº 2,",03,032,15,8,1480,2,78 - Pedro Bosch,0,78,0,23,2024-02-12 04:34:20,-3.6745240600494444,40.40063747422422,"(-3.6745240600494444, 40.40063747422422)"
96,"Avenida de Menéndez Pelayo nº 38,",03,031,24,3,1481,1,79 - Puerta de Granada,0,79,0,27,2024-02-12 04:34:20,-3.6804398243230696,40.405110193977585,"(-3.6804398243230696, 40.405110193977585)"
97,"Cuesta de Claudio Moyano,",03,035,6,18,1484,0,81 - Cuesta de Moyano,0,81,0,24,2024-02-12 04:34:20,-3.691833220071059,40.40934261188139,"(-3.691833220071059, 40.40934261188139)"
98,"Calle Doctor Esquerdo nº 161,",03,033,15,8,1485,2,82 - Niño Jesús,0,82,0,23,2024-02-12 04:34:20,-3.6697526,40.4084556,"(-3.6697526, 40.4084556)"
99,"Calle Pío Baroja nº 10,",03,036,19,4,1486,1,83 - Pío Baroja,0,83,0,23,2024-02-12 04:34:20,-3.6744795,40.4132995,"(-3.6744795, 40.4132995)"
100,"Calle Doctor Esquerdo nº 191,",03,032,9,14,1487,2,84 - Valderribas,0,84,0,23,2024-02-12 04:34:20,-3.672481575393678,40.40357156992851,"(-3.672481575393678, 40.40357156992851)"
101,"Avenida de Menéndez Pelayo, 9,",03,035,23,4,1488,1,85 - Puerta de Madrid,0,85,0,27,2024-02-12 04:34:20,-3.679891,40.4213143,"(-3.679891, 40.4213143)"
102,"Plaza Cibeles,",01,013,21,2,1489,1,86 - Cibeles,0,86,0,24,2024-02-12 04:34:20,-3.6933498,40.4186516,"(-3.6933498, 40.4186516)"
103,"Calle Ayala nº 44,",04,041,5,18,1490,0,87 - Ayala,0,87,0,23,2024-02-12 04:34:20,-3.6832566,40.427736,"(-3.6832566, 40.427736)"
104,"Calle Velázquez nº 75,",04,046,8,15,1491,2,88 - Embajada de Italia,0,88,0,23,2024-02-12 04:34:20,-3.6838303,40.4313576,"(-3.6838303, 40.4313576)"
105,"Calle Ayala nº 102,",04,042,12,11,1492,2,89 - Conde Peñalver,0,89,0,23,2024-02-12 04:34:20,-3.6752024,40.4272582,"(-3.6752024, 40.4272582)"
106,"Calle Goya nº 18,",04,041,8,19,1493,0,90 - Goya 18,0,90,0,27,2024-02-12 04:34:20,-3.6838416,40.4251493,"(-3.6838416, 40.4251493)"
107,"Calle Hermosilla nº 70,",04,042,14,9,1494,2,91 - Hermosilla,0,91,0,23,2024-02-12 04:34:20,-3.6786285,40.426049,"(-3.6786285, 40.426049)"
108,"Calle Claudio Coello nº 45,",04,041,10,13,1495,2,92 - Claudio Coello,0,92,0,23,2024-02-12 04:34:20,-3.6865463,40.4262945,"(-3.6865463, 40.4262945)"
109,"Calle Goya nº 1,",04,041,15,8,1496,2,93 - Plaza de Colón,0,93,0,23,2024-02-12 04:34:20,-3.6893361690338167,40.42575853342561,"(-3.6893361690338167, 40.42575853342561)"
110,"Paseo de Recoletos nº 20,",04,041,14,9,1497,2,94 - Biblioteca Nacional,0,94,0,23,2024-02-12 04:34:20,-3.690756,40.4232153,"(-3.690756, 40.4232153)"
111,"Calle Claudio Coello nº 19,",04,041,4,19,1498,0,95 - Villanueva,0,95,0,23,2024-02-12 04:34:20,-3.6869293,40.4225428,"(-3.6869293, 40.4225428)"
112,"Calle Alcalá nº 111,",04,041,18,9,1499,2,96 - Castelló,0,96,0,27,2024-02-12 04:34:20,-3.682204798770403,40.42201515498424,"(-3.682204798770403, 40.42201515498424)"
113,"Avenida de Menéndez Pelayo nº 3,",04,042,20,7,1500,1,97 - Alcalá,0,97,0,27,2024-02-12 04:34:20,-3.6802556,40.4225364,"(-3.6802556, 40.4225364)"
114,"Plaza de Felipe II,",04,042,11,13,1501,2,98 - Plaza de Felipe II,0,98,0,24,2024-02-12 04:34:20,-3.6757676,40.4241325,"(-3.6757676, 40.4241325)"
115,"Calle Alcántara nº 2,",04,042,9,14,1502,2,99 - Alcántara,0,99,0,23,2024-02-12 04:34:20,-3.6740178,40.4260391,"(-3.6740178, 40.4260391)"
116,"Calle Goya nº 99,",04,042,20,7,1503,1,100 - Palacio de Deportes,0,100,0,27,2024-02-12 04:34:20,-3.67384,40.42478,"(-3.67384, 40.42478)"
117,"Calle Jorge Juan nº 131,",04,042,19,5,1504,1,101 - Jorge Juan,0,101,0,24,2024-02-12 04:34:20,-3.6696804,40.4230771,"(-3.6696804, 40.4230771)"
118,"Calle Alcalá nº 95,",04,041,7,16,1505,0,102 - Velázquez,0,102,0,23,2024-02-12 04:34:20,-3.6842317,40.4211845,"(-3.6842317, 40.4211845)"
119,"Calle José Ortega y Gasset nº 4,",04,046,7,16,1506,0,103 - Ortega y Gasset,0,103,0,23,2024-02-12 04:34:20,-3.686744,40.43053,"(-3.686744, 40.43053)"
120,"Paseo de la Castellana nº 4,",04,041,17,6,1507,1,104 - Castellana,0,104,0,22,2024-02-12 04:34:20,-3.68958,40.42677,"(-3.68958, 40.42677)"
121,"Calle Serrano nº 54,",04,041,9,14,1508,2,105 - Serrano 54,0,105,0,23,2024-02-12 04:34:20,-3.6875418,40.4270832,"(-3.6875418, 40.4270832)"
122,"Calle Serrano nº 32,",04,041,6,13,1510,0,106b - Colón B,0,106b,0,19,2024-02-12 04:34:20,-3.68789,40.424776,"(-3.68789, 40.424776)"
123,"Calle Serrano nº 8,",04,041,6,17,1511,0,107 - Columela,0,107,0,23,2024-02-12 04:34:20,-3.6883841104507464,40.42156087297841,"(-3.6883841104507464, 40.42156087297841)"
124,"Calle Mártires Concepcionistas nº 2,",04,042,15,12,1512,2,108 - Mártires Concepcionistas,0,108,0,27,2024-02-12 04:34:20,-3.670652,40.427402,"(-3.670652, 40.427402)"
125,"Calle José Ortega y Gasset nº 30,",04,046,13,10,1513,2,109 - Marqués de Salamanca,0,109,0,23,2024-02-12 04:34:20,-3.6814521,40.4301245,"(-3.6814521, 40.4301245)"
126,"Paseo de Moret nº 2,",09,091,14,9,1514,2,110 - Moncloa,0,110,0,23,2024-02-12 04:34:20,-3.7201021,40.434745,"(-3.7201021, 40.434745)"
127,"Calle Arcipreste de Hita nº 10,",07,071,19,4,1515,1,111a - Arcipreste de Hita A,0,111a,0,23,2024-02-12 04:34:20,-3.7175248,40.4336027,"(-3.7175248, 40.4336027)"
128,"Calle Arcipreste de Hita nº 12,",07,071,18,5,1516,1,111b - Arcipreste de Hita B,0,111b,0,23,2024-02-12 04:34:20,-3.7177434,40.433913,"(-3.7177434, 40.433913)"
129,"Paseo de Moret nº 11,",09,092,6,17,1517,0,112 - Paseo de Moret,0,112,0,23,2024-02-12 04:34:20,-3.724736,40.4326901,"(-3.724736, 40.4326901)"
130,"Paseo del Pintor Rosales frente al nº 38,",09,091,14,10,1518,2,113 - Pintor Rosales,0,113,0,24,2024-02-12 04:34:20,-3.7207263,40.427538,"(-3.7207263, 40.427538)"
131,"Calle Quintana nº 13,",09,092,13,10,1519,2,114 - Quintana,0,114,0,23,2024-02-12 04:34:20,-3.7174631,40.4278379,"(-3.7174631, 40.4278379)"
132,"Calle Evaristo San Miguel nº 2,",09,092,15,8,1520,2,115 - Ferraz,0,115,0,23,2024-02-12 04:34:20,-3.7170515055225373,40.42531476841791,"(-3.7170515055225373, 40.42531476841791)"
133,"Plaza de España,",09,092,9,8,1521,2,116A - Plaza de España,0,116A,0,18,2024-02-12 04:34:20,-3.713043,40.423679,"(-3.713043, 40.423679)"
134,"Calle de los Reyes,",01,015,15,3,1522,1,116B - Calle Reyes 10,0,116B,0,18,2024-02-12 04:34:20,-3.71046,40.423684,"(-3.71046, 40.423684)"
135,"Calle Altamirano nº 24,",09,092,13,10,1523,2,117 - Altamirano,0,117,0,23,2024-02-12 04:34:20,-3.7188898,40.4309797,"(-3.7188898, 40.4309797)"
136,"Calle Juan Martín el Empecinado nº 16,",02,026,20,3,1524,1,118 - Juan Martín,0,118,0,23,2024-02-12 04:34:20,-3.6882407,40.400781,"(-3.6882407, 40.400781)"
137,"Calle Méndez Álvaro nº 11,",02,027,19,4,1525,1,119 - Méndez Álvaro,0,119,0,23,2024-02-12 04:34:20,-3.6862653,40.4012905,"(-3.6862653, 40.4012905)"
138,"Calle Palos de la Frontera nº 27,",02,026,14,13,1526,2,120 - Palos de la Frontera,0,120,0,27,2024-02-12 04:34:20,-3.6948251018524214,40.403090451430614,"(-3.6948251018524214, 40.403090451430614)"
139,"Paseo de Santa María de la Cabeza nº 58,",02,026,15,12,1527,2,121 - Santa María de la Cabeza,0,121,0,27,2024-02-12 04:34:20,-3.6986027,40.4017487,"(-3.6986027, 40.4017487)"
140,"Calle Santa Engracia nº 14,",07,074,10,13,1528,2,122 - Santa Engracia 14,0,122,0,23,2024-02-12 04:34:20,-3.6963659,40.4295362,"(-3.6963659, 40.4295362)"
141,"Calle Guzmán el Bueno nº 1,",07,071,19,8,1529,1,123 - Guzmán el Bueno,0,123,0,27,2024-02-12 04:34:20,-3.7133412,40.4306458,"(-3.7133412, 40.4306458)"
142,"Calle Manuel Silvela nº 20,",07,073,24,3,1530,1,124 - Manuel Silvela,0,124,0,27,2024-02-12 04:34:20,-3.6993695,40.430969,"(-3.6993695, 40.430969)"
143,"Calle Fernández de la Hoz nº 29,",07,074,19,8,1531,1,125 - General Martínez Campos ,0,125,0,27,2024-02-12 04:34:20,-3.6948,40.4353,"(-3.6948, 40.4353)"
144,"Calle del General Álvarez de Castro nº 1,",07,073,21,6,1532,1,126 - General Álvarez de Castro,0,126,0,27,2024-02-12 04:34:20,-3.7018044,40.4345976,"(-3.7018044, 40.4345976)"
145,"Calle Fernando el Católico nº 19,",07,072,17,10,1533,2,127 - Fernando el Católico,0,127,0,27,2024-02-12 04:34:20,-3.708439,40.4338516,"(-3.708439, 40.4338516)"
146,"Calle Cea Bermúdez nº 59,",07,076,22,5,1534,1,128 - Cea Bermúdez,0,128,0,27,2024-02-12 04:34:20,-3.7154,40.4392,"(-3.7154, 40.4392)"
147,"Calle José Abascal nº 33,",07,075,15,12,1535,2,129 - José Abascal,0,129,0,27,2024-02-12 04:34:20,-3.6982353,40.4383865,"(-3.6982353, 40.4383865)"
148,"Calle Santa Engracia nº 127,",07,075,12,11,1536,2,130 - Santa Engracia 127,0,130,0,23,2024-02-12 04:34:20,-3.70164,40.44156,"(-3.70164, 40.44156)"
149,"Calle Bravo Murillo nº 44,",07,075,3,20,1537,0,131 - Bravo Murillo 44,0,131,0,23,2024-02-12 04:34:20,-3.70403123,40.4417884,"(-3.70403123, 40.4417884)"
150,"Calle Santa Engracia nº 168,",07,075,18,9,1538,2,132 - Glorieta de los Cuatro Caminos,0,132,0,27,2024-02-12 04:34:20,-3.703605250412747,40.446377501314885,"(-3.703605250412747, 40.446377501314885)"
151,"Calle Raimundo Fernández Villaverde nº 33,",06,062,4,20,1539,0,133 - Raimundo Fernández,0,133,0,24,2024-02-12 04:34:20,-3.7001669,40.447125,"(-3.7001669, 40.447125)"
152,"Calle María de Guzmán nº 58,",07,075,7,16,1540,0,134 - Agustín de Betancourt,0,134,0,23,2024-02-12 04:34:20,-3.6955687,40.4441818,"(-3.6955687, 40.4441818)"
153,"Plaza de San Juan de la Cruz nº 11,",07,075,12,11,1541,2,135 - Plaza de San Juan de la Cruz,0,135,0,23,2024-02-12 04:34:20,-3.692734,40.441481,"(-3.692734, 40.441481)"
154,"Paseo de la Castellana nº 106,",05,051,15,8,1542,2,136 - Castellana 106,0,136,0,23,2024-02-12 04:34:20,-3.690769,40.4451244,"(-3.690769, 40.4451244)"
155,"Plaza de la República Argentina nº 6,",05,051,12,12,1543,2,137 - Plaza de la República Argentina,0,137,0,24,2024-02-12 04:34:20,-3.6853377,40.4454477,"(-3.6853377, 40.4454477)"
156,"Paseo de la Castellana esquina calle Raimundo Fernández Villaverde,",07,075,12,10,1544,2,138 - Paseo de la Castellana con Raimundo Fer,0,138,0,23,2024-02-12 04:34:20,-3.6914063,40.4457414,"(-3.6914063, 40.4457414)"
157,"Calle José Gutiérrez Abascal nº 2,",05,051,8,16,1545,2,"139 - Calle José Gutiérrez Abascal,2",0,139,0,24,2024-02-12 04:34:20,-3.690419307270818,40.43939562033124,"(-3.690419307270818, 40.43939562033124)"
158,"Calle Velázquez nº 130,",05,051,19,7,1546,1,140 - Velázquez 130,0,140,0,27,2024-02-12 04:34:20,-3.6830583,40.4387566,"(-3.6830583, 40.4387566)"
159,"Paseo de la Castellana nº 43,",07,074,6,6,1547,2,141 - Paseo de la Castellana - Glorieta de Em,0,141,0,12,2024-02-12 04:34:20,-3.6893917,40.4354047,"(-3.6893917, 40.4354047)"
160,"Paseo de la Castellana nº 42,",04,046,7,16,1548,0,142 - Castellana 42,0,142,0,23,2024-02-12 04:34:20,-3.6879154,40.4334087,"(-3.6879154, 40.4334087)"
161,"Calle General Pardiñas nº 56,",04,045,7,16,1549,0,186 - General Pardiñas,0,186,0,23,2024-02-12 04:34:20,-3.6783016,40.4289804,"(-3.6783016, 40.4289804)"
162,"Calle Juan Bravo nº 50,",04,045,21,6,1550,1,144 - Juan Bravo 50,0,144,0,27,2024-02-12 04:34:20,-3.675556,40.4324081,"(-3.675556, 40.4324081)"
163,"Calle Ortega y Gasset nº 87,",04,045,20,3,1551,1,145 - Ortega y Gasset 87,0,145,0,23,2024-02-12 04:34:20,-3.6712823,40.429887,"(-3.6712823, 40.429887)"
164,"Calle María Francisca nº 3,",05,051,4,15,1552,0,146 - María Francisca 1,0,146,0,19,2024-02-12 04:34:20,-3.6788499,40.4442541,"(-3.6788499, 40.4442541)"
165,"Avenida del Doctor Arce nº 45,",05,051,19,4,1553,1,147 - Doctor Arce 45,0,147,0,23,2024-02-12 04:34:20,-3.6794,40.4484,"(-3.6794, 40.4484)"
166,"Calle Serrano nº 210,",05,051,9,14,1554,2,148 - Serrano 210,0,148,0,23,2024-02-12 04:34:20,-3.6813971,40.451117,"(-3.6813971, 40.451117)"
167,"Paseo de la Habana nº 42,",05,051,2,21,1555,0,149 - Paseo de la Habana 42,0,149,0,23,2024-02-12 04:34:20,-3.6879303,40.4498515,"(-3.6879303, 40.4498515)"
168,"Calle Orense nº 12,",06,062,16,11,1557,2,151 - Orense 12,0,151,0,27,2024-02-12 04:34:20,-3.6953592650123657,40.44881224951987,"(-3.6953592650123657, 40.44881224951987)"
169,"Avenida del General Perón frente al nº 4,",06,062,11,12,1558,2,152 - General Perón 1,0,152,0,23,2024-02-12 04:34:20,-3.6989,40.4525,"(-3.6989, 40.4525)"
170,"Avenida del General Perón frente al nº 36,",06,062,3,20,1559,0,153 - General Perón con Poeta Joan Maragall,0,153,0,23,2024-02-12 04:34:20,-3.6936,40.4523,"(-3.6936, 40.4523)"
171,"Calle Orense nº 36,",06,062,19,5,1560,1,154 - Orense 36,0,154,0,24,2024-02-12 04:34:20,-3.6946218,40.4548456,"(-3.6946218, 40.4548456)"
172,"Calle San Germán nº 57,",06,062,18,5,1561,1,155 - San Germán 57,0,155,0,23,2024-02-12 04:34:20,-3.700930190178302,40.4573342300643,"(-3.700930190178302, 40.4573342300643)"
173,"Calle Sor Ángela de la Cruz nº 2,",06,063,13,11,1562,2,156 - Sor Ángela de la Cruz,0,156,0,24,2024-02-12 04:34:20,-3.691533,40.4592351,"(-3.691533, 40.4592351)"
174,"Avenida de Alberto Alcocer nº 22,",05,054,12,11,1564,2,158 - Alberto Alcocer,0,158,0,23,2024-02-12 04:34:20,-3.684625,40.45869,"(-3.684625, 40.45869)"
175,"Paseo de la Habana nº 63,",05,054,9,14,1565,2,159 - Paseo de la Habana 63,0,159,0,23,2024-02-12 04:34:20,-3.6835926,40.4543852,"(-3.6835926, 40.4543852)"
176,"Calle Colombia nº 7,",05,054,9,15,1566,2,160 - Colombia,0,160,0,24,2024-02-12 04:34:20,-3.6763439,40.4572466,"(-3.6763439, 40.4572466)"
177,"Paseo de la Florida nº 8,",09,091,5,22,1567,0,161 - Paseo de la Florida,0,161,0,27,2024-02-12 04:34:20,-3.7220993214090403,40.422192474165534,"(-3.7220993214090403, 40.422192474165534)"
178,"Paseo de los Olmos nº 28,",02,022,11,12,1568,2,162 - Metro Pirámides,0,162,0,22,2024-02-12 04:34:20,-3.7105765,40.4034968,"(-3.7105765, 40.4034968)"
179,"Paseo de la Esperanza nº 2,",02,022,14,5,1569,1,163 - Paseo de la Esperanza,0,163,0,19,2024-02-12 04:34:20,-3.706445,40.4037586,"(-3.706445, 40.4037586)"
180,"Paseo de las Delicias nº 94,",02,025,16,11,1570,2,164 - Paseo de las Delicias,0,164,0,27,2024-02-12 04:34:20,-3.69461,40.39723,"(-3.69461, 40.39723)"
181,"Paseo de la Chopera nº 14,",02,023,13,30,1571,0,165 - Entrada Matadero,0,165,0,43,2024-02-12 04:34:20,-3.697596,40.392888,"(-3.697596, 40.392888)"
182,"Calle Segovia nº 26,",01,011,11,16,1572,2,166 - Segovia 26,0,166,0,27,2024-02-12 04:34:20,-3.7133770233135133,40.41390473235381,"(-3.7133770233135133, 40.41390473235381)"
183,"Calle Segovia nº 45,",02,021,15,12,1573,2,167 - Segovia 45,0,167,0,27,2024-02-12 04:34:20,-3.71748917032373,40.41374770742206,"(-3.71748917032373, 40.41374770742206)"
184,"Paseo Santa María de la Cabeza nº 29,",02,026,20,3,1574,1,168 - Batalla del Salado,0,168,0,23,2024-02-12 04:34:20,-3.6959,40.4046,"(-3.6959, 40.4046)"
185,"Calle Toledo nº 181,",02,022,2,22,1575,0,169 - Pirámides,0,169,0,24,2024-02-12 04:34:20,-3.713823,40.401589,"(-3.713823, 40.401589)"
186,"Paseo de la Esperanza nº 21,",02,022,17,7,1576,1,170 - Paseo de la Esperanza,0,170,0,24,2024-02-12 04:34:20,-3.7043956,40.4010554,"(-3.7043956, 40.4010554)"
187,"Calle Embajadores nº 97,",02,025,24,3,1577,1,171 - Embajadores-Cáceres,0,171,0,27,2024-02-12 04:34:20,-3.6984023,40.3997013,"(-3.6984023, 40.3997013)"
188,"Calle Bustamante nº 1,",02,025,10,12,1578,2,172 - Delicias,0,172,0,23,2024-02-12 04:34:20,-3.6934926,40.4008279,"(-3.6934926, 40.4008279)"
189,"Paseo de la Esperanza nº 59,",02,022,18,6,1579,1,173 - Puente Praga,0,173,0,24,2024-02-12 04:34:20,-3.7024839,40.3983467,"(-3.7024839, 40.3983467)"
190,"Paseo de Yeserías nº 45,",02,022,18,9,1580,2,174 - Madrid Río-Yeserías,0,174,0,27,2024-02-12 04:34:20,-3.7065258846557603,40.39742958306358,"(-3.7065258846557603, 40.39742958306358)"
191,"Calle Jaime el Conquistador nº 30,",02,023,12,7,1581,2,175 - Jaime el Conquistador,0,175,0,19,2024-02-12 04:34:20,-3.69834452,40.3962264,"(-3.69834452, 40.3962264)"
192,"Calle Bolívar nº 3,",02,025,3,20,1583,0,177 - Legazpi,0,177,0,23,2024-02-12 04:34:20,-3.6941876374343896,40.391447085678806,"(-3.6941876374343896, 40.391447085678806)"
193,"Calle León Gil de Palacio nº 3,",03,031,16,8,1584,2,178 - Junta Municipal Retiro,0,178,0,24,2024-02-12 04:34:20,-3.6788343,40.4029202,"(-3.6788343, 40.4029202)"
194,"Avenida de la Albufera nº 6,",13,132,5,19,1585,0,179 - Puente de Vallecas,0,179,0,24,2024-02-12 04:34:20,-3.6692724,40.3979273,"(-3.6692724, 40.3979273)"
195,"Calle Retama nº 5,",02,027,3,20,1586,0,180 - Méndez Álvaro,0,180,0,23,2024-02-12 04:34:20,-3.67589,40.3940423,"(-3.67589, 40.3940423)"
196,"Calle Ibiza nº 18,",03,034,23,4,1587,1,181 - Retiro-Ibiza,0,181,0,27,2024-02-12 04:34:20,-3.676443540475469,40.41816932665331,"(-3.676443540475469, 40.41816932665331)"
197,"Calle Alcalde Sáinz de Baranda frente al nº 107,",03,033,13,10,1588,2,182 - Parque Roma,0,182,0,23,2024-02-12 04:34:20,-3.6657777,40.4186666,"(-3.6657777, 40.4186666)"
198,"Calle Hermosilla nº 135,",04,042,8,15,1589,2,183 - Doctor Esquerdo-Hermosilla,0,183,0,23,2024-02-12 04:34:20,-3.669339,40.425635,"(-3.669339, 40.425635)"
199,"Paseo Marqués de Zafra nº 24,",04,043,14,10,1590,2,184 - Marqués de Zafra,0,184,0,24,2024-02-12 04:34:20,-3.6653055,40.426,"(-3.6653055, 40.426)"
200,"Calle Sancho Dávila esquina Paseo Marqués de Zafra,",04,043,21,3,1591,1,185 - Quinta Fuente del Berro,0,185,0,24,2024-02-12 04:34:20,-3.6615277,40.4250833,"(-3.6615277, 40.4250833)"
201,"Calle Diego de Leon, 52,",04,045,13,10,1592,2,143 - Diego de Leon 52,0,143,0,23,2024-02-12 04:34:20,-3.6780802,40.434676,"(-3.6780802, 40.434676)"
202,"Calle Alejandro González nº 1,",04,043,4,19,1593,0,187 - Alcalá-Ventas,0,187,0,23,2024-02-12 04:34:20,-3.6638249,40.4301326,"(-3.6638249, 40.4301326)"
203,"Avenida de Daroca nº 2,",15,151,15,12,1594,2,188 - Puente de Ventas,0,188,0,27,2024-02-12 04:34:20,-3.6590286,40.4312562,"(-3.6590286, 40.4312562)"
204,"Calle Virgen de la Alegría nº 18,",15,154,13,9,1595,2,189 - Avenida Donostiarra,0,189,0,23,2024-02-12 04:34:20,-3.6554918,40.4351256,"(-3.6554918, 40.4351256)"
205,"Calle Velázquez nº 91,",04,046,4,19,1596,0,190 - Velázquez-Diego de León,0,190,0,23,2024-02-12 04:34:20,-3.6833753,40.4343053,"(-3.6833753, 40.4343053)"
206,"Calle Alonso Heredia nº 1,",04,044,10,9,1597,2,191 - Diego de león,0,191,0,19,2024-02-12 04:34:20,-3.6740777840614403,40.434569387142616,"(-3.6740777840614403, 40.434569387142616)"
207,"Avenida de los Toreros nº 3,",04,044,19,8,1598,1,192 - Avenida de los Toreros,0,192,0,27,2024-02-12 04:34:20,-3.6714677183853106,40.431826464468664,"(-3.6714677183853106, 40.431826464468664)"
208,"Avenida de los Toreros nº 49,",04,044,17,10,1599,2,193 - Ventas,0,193,0,27,2024-02-12 04:34:20,-3.6655555,40.4324722,"(-3.6655555, 40.4324722)"
209,"Calle Francisco Silvela nº 86,",04,044,15,9,1600,2,194 - Avenida de América 2,0,194,0,24,2024-02-12 04:34:20,-3.6771535,40.4372638,"(-3.6771535, 40.4372638)"
210,"Calle Padre Indalecio Hernández nº 1,",05,052,5,19,1601,0,195 - Avenida de América 1,0,195,0,24,2024-02-12 04:34:20,-3.6754444,40.4392222,"(-3.6754444, 40.4392222)"
211,"Calle Suero de Quiñones nº 3,",05,053,20,7,1602,1,196 - Prosperidad,0,196,0,27,2024-02-12 04:34:20,-3.6752218,40.4442237,"(-3.6752218, 40.4442237)"
212,"Avenida de Concha Espina nº 34,",05,051,17,5,1603,1,197 - Parque Berlín,0,197,0,23,2024-02-12 04:34:20,-3.677916,40.4516059,"(-3.677916, 40.4516059)"
213,"Castellana 33,",07,074,8,15,1604,2,198 - Castellana 33,0,198,0,23,2024-02-12 04:34:20,-3.6891,40.432,"(-3.6891, 40.432)"
214,"Calle Fernando el Católico nº 61,",07,071,18,9,1605,2,199 - Fernando el Católico,0,199,0,27,2024-02-12 04:34:20,-3.7149166,40.4343611,"(-3.7149166, 40.4343611)"
215,"Glorieta de Quevedo nº 5,",07,072,19,5,1606,1,200 - Quevedo,0,200,0,24,2024-02-12 04:34:20,-3.7045789811585417,40.43375360585919,"(-3.7045789811585417, 40.43375360585919)"
216,"Calle José Abascal frente al nº 2,",07,075,6,17,1607,0,201 - Canal,0,201,0,23,2024-02-12 04:34:20,-3.7038333,40.4386944,"(-3.7038333, 40.4386944)"
217,"Calle Santander esquina con Avenida de Filipinas,",07,076,9,17,1608,2,202 - Parque Santander,0,202,0,27,2024-02-12 04:34:20,-3.7083,40.4413,"(-3.7083, 40.4413)"
218,"Calle General Ampudia nº 2,",07,076,2,22,1609,0,203 - San Francisco de Sales,0,203,0,24,2024-02-12 04:34:20,-3.7144722,40.44175,"(-3.7144722, 40.44175)"
219,"Calle Doctor Santero nº 1,",06,061,3,20,1610,0,204 - Cuatro Caminos 2,0,204,0,23,2024-02-12 04:34:20,-3.7040397,40.4476488,"(-3.7040397, 40.4476488)"
220,"Calle Navarra nº 1,",06,061,5,18,1611,0,205 - Estrecho,0,205,0,23,2024-02-12 04:34:20,-3.7032777,40.4535,"(-3.7032777, 40.4535)"
221,"Calle Marqués de Viana nº 3,",06,066,10,13,1612,2,206 - Metro Tetuán,0,206,0,23,2024-02-12 04:34:20,-3.698915521426396,40.4607466894426,"(-3.698915521426396, 40.4607466894426)"
222,"Calle Azucenas nº 1,",06,065,10,9,1613,2,207 - Remonta,0,207,0,19,2024-02-12 04:34:20,-3.6973352,40.4630443,"(-3.6973352, 40.4630443)"
223,"Paseo de la Castellana nº 216,",05,056,8,10,1614,2,208 - Plaza de Castilla,0,208,0,18,2024-02-12 04:34:20,-3.6890611,40.4662811,"(-3.6890611, 40.4662811)"
224,"Paseo Castellana (Fundación Canal),",05,055,21,2,1615,1,209 - Plaza de Castilla 2,0,209,0,23,2024-02-12 04:34:20,-3.6887,40.4657,"(-3.6887, 40.4657)"
225,"Calle Tres Cruces nº 7,",01,016,6,21,1616,0,210 - Tres Cruces,0,210,0,27,2024-02-12 04:34:20,-3.7027164,40.4196518,"(-3.7027164, 40.4196518)"
226,"Calle Desengaño nº 1,",01,015,16,7,1617,2,211 - Desengaño,0,211,0,23,2024-02-12 04:34:20,-3.70239,40.42059,"(-3.70239, 40.42059)"
227,"Glorieta Marqués de Vadillo nº 9,",11,113,15,12,1618,2,212 - Marqués de Vadillo,0,212,0,27,2024-02-12 04:34:20,-3.716591,40.398247,"(-3.716591, 40.398247)"
228,"Calle Antonio López nº 129,",12,125,14,9,1619,2,213 - Glorieta de Cádiz,0,213,0,23,2024-02-12 04:34:20,-3.7002247,40.3889918,"(-3.7002247, 40.3889918)"
229,"Calle Condesa de Venadito nº 2,",15,155,9,15,1620,2,214 - Condesa de Venadito,0,214,0,24,2024-02-12 04:34:20,-3.6569031,40.4434316,"(-3.6569031, 40.4434316)"
230,"Calle Gutierre de Cetina nº 77,",15,152,6,17,1621,0,215 - Gutierre de Cetina,0,215,0,23,2024-02-12 04:34:20,-3.6408093,40.429588,"(-3.6408093, 40.429588)"
231,"Plaza Puerta del Ángel nº 4,",10,102,17,10,1622,2,216 - Puerta del Ángel,0,216,0,27,2024-02-12 04:34:20,-3.72897,40.4141,"(-3.72897, 40.4141)"
232,"Calle Pedro Rico nº 6,",08,085,13,9,1623,2,217 - Pedro Rico,0,217,0,23,2024-02-12 04:34:20,-3.6890758,40.480884,"(-3.6890758, 40.480884)"
233,"Calle Camino de los Vinateros nº 28,",14,144,20,3,1624,1,218 - Camino Vinateros,0,218,0,23,2024-02-12 04:34:20,-3.6572967,40.4105478,"(-3.6572967, 40.4105478)"
234,"Calle Camino de los Vinateros nº 108,",14,143,14,4,1625,1,219 - Marroquina,0,219,0,18,2024-02-12 04:34:20,-3.6467338,40.4083593,"(-3.6467338, 40.4083593)"
235,"Calle Arroyo de las Pilillas nº 6,",14,144,17,7,1626,1,220 - Plaza del Encuentro,0,220,0,24,2024-02-12 04:34:20,-3.651384,40.406156,"(-3.651384, 40.406156)"
236,"Calle Hacienda de Pavones nº 342,",14,141,14,9,1627,2,221 - Pavones,0,221,0,23,2024-02-12 04:34:20,-3.634744478732248,40.400492026660594,"(-3.634744478732248, 40.400492026660594)"
237,"Calle Eugenio Caxes frente al nº 12,",12,125,12,10,1628,2,222 - Antonio López,0,222,0,23,2024-02-12 04:34:20,-3.7026789,40.3917871,"(-3.7026789, 40.3917871)"
238,"Paseo de la Ermita del Santo nº 48,",10,101,24,3,1629,1,223 - Ermita Santo,0,223,0,27,2024-02-12 04:34:20,-3.724576,40.406448,"(-3.724576, 40.406448)"
239,"Calle Caramuel nº 51,",10,102,10,17,1630,2,224 - Caramuel,0,224,0,27,2024-02-12 04:34:20,-3.7287,40.409,"(-3.7287, 40.409)"
240,"Calle Sierra Toledana nº 33,",13,136,10,14,1631,2,225 - Doctor Lozano,0,225,0,24,2024-02-12 04:34:20,-3.660345,40.402506,"(-3.660345, 40.402506)"
241,"Camino de Valderribas nº 94,",13,136,13,9,1632,2,226 - Sierra Toledana,0,226,0,23,2024-02-12 04:34:20,-3.6607768678037744,40.39901531507069,"(-3.6607768678037744, 40.39901531507069)"
242,"Calle Arroyo del Olivar nº 6,",13,132,12,11,1633,2,227 - Concordia,0,227,0,24,2024-02-12 04:34:20,-3.6659362429356372,40.39382977920336,"(-3.6659362429356372, 40.39382977920336)"
243,"Calle San Delfín nº 9,",11,111,10,8,1634,2,228 - San Delfín,0,228,0,18,2024-02-12 04:34:20,-3.7080429728445563,40.39440607959559,"(-3.7080429728445563, 40.39440607959559)"
244,"Calle Jose del Hierro nº 5,",15,153,14,9,1635,2,229 - C.D. Concepción,0,229,0,23,2024-02-12 04:34:20,-3.6486508,40.4369378,"(-3.6486508, 40.4369378)"
245,"Calle Carlota O'Neill nº 32,",15,155,11,13,1636,2,230 - Carlota O’Neill,0,230,0,24,2024-02-12 04:34:20,-3.6488254,40.4436792,"(-3.6488254, 40.4436792)"
246,"Calle Derechos Humanos nº 12,",15,155,3,21,1637,0,231 - Derechos Humanos,0,231,0,24,2024-02-12 04:34:20,-3.6557193,40.4398283,"(-3.6557193, 40.4398283)"
247,"Calle José María de Pereda nº 1,",15,151,14,13,1638,2,232 - José María Pereda,0,232,0,27,2024-02-12 04:34:20,-3.6486169,40.4327663,"(-3.6486169, 40.4327663)"
248,"Avenida Marqués de Corbera nº 12,",15,151,8,16,1639,2,233 - Marqués de Corbera 12,0,233,0,24,2024-02-12 04:34:20,-3.6555789,40.4229522,"(-3.6555789, 40.4229522)"
249,"Avenida Marqués de Corbera nº 52,",15,151,5,18,1640,0,234 - Marqués de Corbera 52,0,234,0,24,2024-02-12 04:34:20,-3.6510917,40.4261278,"(-3.6510917, 40.4261278)"
250,"Calle Sodio nº 1B,",02,024,18,5,1641,1,235 - Embajadores 191,0,235,0,23,2024-02-12 04:34:20,-3.691076,40.389041,"(-3.691076, 40.389041)"
251,"Paseo Imperial nº 20,",02,021,6,21,1642,0,236 - Paseo Imperial,0,236,0,27,2024-02-12 04:34:20,-3.7170785,40.4075794,"(-3.7170785, 40.4075794)"
252,"Calle Francisco Balseiro nº 1,",06,061,0,0,1643,3,xxx - 237 - Pablo Iglesias,1,xxx,0,0,2024-02-12 04:34:20,-3.710525,40.451333,"(-3.710525, 40.451333)"
253,"Calle San Germán nº 5,",06,062,12,12,1644,2,238 - San Germán 5,0,238,0,24,2024-02-12 04:34:20,-3.6932611,40.4561825,"(-3.6932611, 40.4561825)"
254,"Calle Francos Rodríguez nº 62,",06,066,5,17,1645,0,239 - Francos Rodríguez,0,239,0,23,2024-02-12 04:34:20,-3.7078331,40.4567132,"(-3.7078331, 40.4567132)"
255,"Avenida de Brasilia frente al nº 9,",04,044,6,17,1646,0,240 - Avenida Brasilia,0,240,0,23,2024-02-12 04:34:20,-3.66096,40.43666,"(-3.66096, 40.43666)"
256,"Avenida de Camilo José Cela nº 23,",04,044,11,12,1647,2,241 - Camilo José Cela,0,241,0,23,2024-02-12 04:34:20,-3.66779,40.4378,"(-3.66779, 40.4378)"
257,"Avenida Bruselas nº 56,",04,044,17,6,1648,1,242 - Avenida Bruselas,0,242,0,23,2024-02-12 04:34:20,-3.662928,40.439513,"(-3.662928, 40.439513)"
258,"Calle Cartagena nº 34,",04,044,12,11,1649,2,243 - Cartagena,0,243,0,23,2024-02-12 04:34:20,-3.67012,40.43503,"(-3.67012, 40.43503)"
259,"Calle Isaac Peral nº 44,",07,076,5,18,1650,0,244 - Hospital Clínico,0,244,0,23,2024-02-12 04:34:20,-3.71757,40.44003,"(-3.71757, 40.44003)"
260,"Calle Galileo nº 63,",07,072,5,18,1651,0,245 - Galileo,0,245,0,24,2024-02-12 04:34:20,-3.7101381,40.4363637,"(-3.7101381, 40.4363637)"
261,"Calle Santa Engracia nº 87,",07,073,19,8,1652,1,246 - Santa Engracia 87,0,246,0,27,2024-02-12 04:34:20,-3.6992484724046637,40.43595788149785,"(-3.6992484724046637, 40.43595788149785)"
262,"Calle Zurbano nº 90,",07,075,13,9,1653,2,247 - Zurbano,0,247,0,23,2024-02-12 04:34:20,-3.69281,40.43837,"(-3.69281, 40.43837)"
263,"Calle Sinesio Delgado nº 2,",08,085,13,14,1654,2,248 - Torre Cepsa,0,248,0,27,2024-02-12 04:34:20,-3.6879973,40.4743209,"(-3.6879973, 40.4743209)"
264,"Paseo de la Castellana nº 298,",05,056,15,9,1655,2,249 - Manuel Caldeiro,0,249,0,24,2024-02-12 04:34:20,-3.6853186,40.4795018,"(-3.6853186, 40.4795018)"
265,"Calle Serrano nº 113B,",05,051,14,13,1656,2,250 - Serrano 113,0,250,0,27,2024-02-12 04:34:20,-3.6858096,40.4406491,"(-3.6858096, 40.4406491)"
266,"Calle Santa Hortensia nº 31,",05,052,7,16,1657,0,251 - Corazón de María,0,251,0,23,2024-02-12 04:34:20,-3.66683,40.44421,"(-3.66683, 40.44421)"
267,"Calle Rodríguez Jaén nº 40,",05,056,12,11,1658,2,252 - Chamartín,0,252,0,23,2024-02-12 04:34:20,-3.6839695,40.4717403,"(-3.6839695, 40.4717403)"
268,"Calle Doctor Fleming nº 7,",05,054,10,9,1659,2,253 - Doctor Fleming,0,253,0,19,2024-02-12 04:34:20,-3.68844,40.45546,"(-3.68844, 40.45546)"
269,"Avenida Pío XII nº 3,",05,055,2,21,1660,0,254 - Pío XII,0,254,0,23,2024-02-12 04:34:20,-3.67656,40.461,"(-3.67656, 40.461)"
270,"Calle General López Pozas nº 2,",05,055,11,12,1661,2,255 - López Pozas,0,255,0,23,2024-02-12 04:34:20,-3.685292,40.46361,"(-3.685292, 40.46361)"
271,"Calle Beatriz de Bobadilla frente al nº 2,",09,093,11,12,1662,2,256 - Reina Victoria,0,256,0,23,2024-02-12 04:34:20,-3.71383,40.44635,"(-3.71383, 40.44635)"
272,"Avenida Juan de Herrera frente a la calle Paul Guinard,",09,093,3,20,1663,0,257 - INEF,0,257,0,23,2024-02-12 04:34:20,-3.730527,40.438873,"(-3.730527, 40.438873)"
273,"Avenida de la Complutense (Metro Ciudad Universitaria),",09,093,10,14,1664,2,258 - Ciudad Universitaria 1,0,258,0,24,2024-02-12 04:34:20,-3.726939,40.444311,"(-3.726939, 40.444311)"
274,"Avenida de la Complutense (Metro Ciudad Universitaria),",09,093,5,14,1665,0,259 - Ciudad Universitaria 2,0,259,0,19,2024-02-12 04:34:20,-3.726752004160312,40.44270528449462,"(-3.726752004160312, 40.44270528449462)"
275,"Calle José Antonio Novais frente al nº 12,",09,093,13,11,1666,2,260 - Facultad Biología,0,260,0,24,2024-02-12 04:34:20,-3.7272945,40.4483322,"(-3.7272945, 40.4483322)"
276,"Avenida Complutense nº 23,",09,093,10,13,1667,2,261 - Facultad Derecho,0,261,0,23,2024-02-12 04:34:20,-3.7296756,40.4505516,"(-3.7296756, 40.4505516)"
277,"Amparo Usera , 46,",12,125,15,8,1951,2,"384 - Amparo Usera , 46",0,384,0,23,2024-02-12 04:34:20,-3.7061449,40.38707469,"(-3.7061449, 40.38707469)"
278,"Doctor Tolosa Latour, 7,",12,127,7,16,1952,0,"388 - Doctor Tolosa Latour, 7",0,388,0,23,2024-02-12 04:34:20,-3.70041478,40.37837955,"(-3.70041478, 40.37837955)"
279,"Calle Campotejar , 25,",12,122,18,5,1953,1,"385 - Calle Campotejar , 25",0,385,0,23,2024-02-12 04:34:20,-3.70388671,40.36721104,"(-3.70388671, 40.36721104)"
280,"Isabelita Usera, 44,",12,127,17,6,1954,1,"387 - Isabelita Usera, 44",0,387,0,22,2024-02-12 04:34:20,-3.70773972,40.38272256,"(-3.70773972, 40.38272256)"
281,"Avenida de la Perla, 35,",12,123,9,14,1955,2,"383 - Avenida de la Perla, 35",0,383,0,23,2024-02-12 04:34:20,-3.6939702,40.3700017,"(-3.6939702, 40.3700017)"
282,"Avenida de los Poblados, 130,",12,121,19,4,1956,1,"386 - Avenida de los Poblados, 130",0,386,0,23,2024-02-12 04:34:20,-3.71331521,40.37347443,"(-3.71331521, 40.37347443)"
283,"Avenida Ramon y Cajal, 101,",15,157,6,17,1957,0,"476 - Avenida Ramon y Cajal, 101",0,476,0,23,2024-02-12 04:34:20,-3.662016,40.453493,"(-3.662016, 40.453493)"
284,"Misterios,1,",15,153,13,10,1958,2,"477 - Misterios, 1",0,477,0,23,2024-02-12 04:34:20,-3.638904,40.438278,"(-3.638904, 40.438278)"
285,"Jose del Hierro , 69,",15,154,3,20,1959,0,"478 - Jose del Hierro , 69",0,478,0,23,2024-02-12 04:34:20,-3.6410572,40.44152084,"(-3.6410572, 40.44152084)"
286,"Angel Muñoz, 1,",15,156,6,21,1960,0,"479 - Angel Muñoz, 1",0,479,0,27,2024-02-12 04:34:20,-3.6558371312827975,40.45478362295884,"(-3.6558371312827975, 40.45478362295884)"
287,"Vicente Muzas, 12,",15,157,14,9,1961,2,"480 - Vicente Muzas, 12",0,480,0,23,2024-02-12 04:34:20,-3.66044255,40.45903315,"(-3.66044255, 40.45903315)"
288,"Diego Ayllon, 2,",15,156,9,14,1962,2,"481 - Diego Ayllon, 2",0,481,0,23,2024-02-12 04:34:20,-3.65219063,40.45117857,"(-3.65219063, 40.45117857)"
289,"Calle Velero (metro el capricho), 17,Comunidad de Madrid España",21,211,11,16,1963,2,"554 - Calle Velero (metro el capricho), 17",0,554,0,27,2024-02-12 04:34:20,-3.5941,40.453,"(-3.5941, 40.453)"
290,"Avenida Burgos, 17,",05,056,9,14,1964,2,"284 - Avenida Burgos, 17",0,284,0,23,2024-02-12 04:34:20,-3.6757900294303902,40.473593878889254,"(-3.6757900294303902, 40.473593878889254)"
291,"Campuzano, 1,",15,153,9,14,1965,2,"482 - Campuzano, 1",0,482,0,23,2024-02-12 04:34:20,-3.6424,40.4359,"(-3.6424, 40.4359)"
292,"Calle Marcelino Alvarez, 35,",15,151,17,6,1966,1,"483 - Calle Marcelino Alvarez, 35",0,483,0,23,2024-02-12 04:34:20,-3.6534324,40.4297428,"(-3.6534324, 40.4297428)"
293,"Calle Luis Campos, 3,",15,152,7,16,1967,0,"484 - Calle Luis Campos, 3",0,484,0,23,2024-02-12 04:34:20,-3.632389,40.42893071,"(-3.632389, 40.42893071)"
294,"Calle de la Carretera de Canillas, 40,",16,163,5,18,1968,0,"523 - Calle de la Carretera de Canillas, 40",0,523,0,23,2024-02-12 04:34:20,-3.65089253,40.4628701,"(-3.65089253, 40.4628701)"
295,"Calle Santa Maria Magdalena, 15,",05,055,6,17,1969,0,"285 - Calle Santa Maria Magdalena, 15",0,285,0,23,2024-02-12 04:34:20,-3.6706,40.4631,"(-3.6706, 40.4631)"
296,"Plaza Duque Pastrana, 1,",05,056,13,10,1970,2,286 - Plaza Duque Pastrana 1,0,286,0,23,2024-02-12 04:34:20,-3.6779,40.4679,"(-3.6779, 40.4679)"
297,"Calle de la Yuca, 1,",05,056,14,9,1971,2,"287 - Calle de la Yuca, 1",0,287,0,23,2024-02-12 04:34:20,-3.6762,40.4765,"(-3.6762, 40.4765)"
298,"Memorial 11 Marzo de 2004, 28,",05,055,4,19,1972,0,"288 - Memorial 11 Marzo de 2004, 28",0,288,0,23,2024-02-12 04:34:20,-3.6723,40.4664,"(-3.6723, 40.4664)"
299,"Glorieta Luis Rosales, sn,",16,164,11,12,1973,2,"524 - Glorieta Luis Rosales, sn",0,524,0,23,2024-02-12 04:34:20,-3.6543,40.4673,"(-3.6543, 40.4673)"
300,"Fuente Carrantona , 33,",14,143,18,9,1974,2,"460 - Fuente Carrantona , 33",0,460,0,27,2024-02-12 04:34:20,-3.63192261,40.4070216,"(-3.63192261, 40.4070216)"
301,"Luis de Hoyos Sainz, 198,",14,141,13,10,1975,2,455 - Luis de Hoyos Sainz  198,0,455,0,23,2024-02-12 04:34:20,-3.62927465,40.400094,"(-3.62927465, 40.400094)"
302,"Encomienda de Palacios, 8,",14,145,19,4,1976,1,"456 - Encomienda de Palacios, 8",0,456,0,23,2024-02-12 04:34:20,-3.6464,40.4005,"(-3.6464, 40.4005)"
303,"Calle Ramirez Tome, 31,",13,135,17,10,1977,2,"416 - Calle Ramirez Tome, 31",0,416,0,27,2024-02-12 04:34:20,-3.6459739361763055,40.38875618103898,"(-3.6459739361763055, 40.38875618103898)"
304,"Calle de Romeo y Julieta, 12,",13,133,8,19,1978,0,"417 - Calle de Romeo y Julieta, 12",0,417,0,27,2024-02-12 04:34:20,-3.66217563,40.37873799,"(-3.66217563, 40.37873799)"
305,"Calle Puerto de Arlaban, 83,",13,132,17,10,1979,2,"418 - Calle Puerto de Arlaban, 83",0,418,0,27,2024-02-12 04:34:20,-3.6675,40.3864,"(-3.6675, 40.3864)"
306,"Calle Cronos , 14,",20,201,17,10,1980,2,"496 - Calle Cronos , 14",0,496,0,27,2024-02-12 04:34:20,-3.6194333,40.4384695,"(-3.6194333, 40.4384695)"
307,"Hermanos Garcia Noblejas, 133,",20,204,17,6,1981,1,501 - Hermanos Garcia Noblejas 133,0,501,0,23,2024-02-12 04:34:20,-3.6242,40.4191,"(-3.6242, 40.4191)"
308,"Calle Arzobispo Morcillo, 6,",08,085,8,19,1994,0,"570 - Calle Arzobispo Morcillo, 6",0,570,0,27,2024-02-12 04:34:20,-3.6938,40.4815,"(-3.6938, 40.4815)"
309,"Calle Hernani, 59,",06,062,8,15,1995,2,"295 - Calle Hernani, 59",0,295,0,23,2024-02-12 04:34:20,-3.6972,40.4481,"(-3.6972, 40.4481)"
310,"Calle de Costa Verde, 24,",06,064,15,8,1996,2,"296 - Calle de Costa Verde, 24",0,296,0,23,2024-02-12 04:34:20,-3.696862,40.469477,"(-3.696862, 40.469477)"
311,"Calle Simancas, 2,",06,064,3,20,1997,0,"297 - Calle Simancas, 2",0,297,0,23,2024-02-12 04:34:20,-3.69511298,40.4655,"(-3.69511298, 40.4655)"
312,"Calle Gallur, 5,",10,101,19,4,1998,1,"323 - Calle Gallur, 5",0,323,0,23,2024-02-12 04:34:20,-3.7359,40.3984,"(-3.7359, 40.3984)"
313,"Calle de las Higueras, 49,",10,103,13,10,1999,2,"324 - Calle de las Higueras, 49",0,324,0,23,2024-02-12 04:34:20,-3.745096152114864,40.40457132475174,"(-3.745096152114864, 40.40457132475174)"
314,"Hacienda de Pavones, 148,",14,145,15,8,2000,2,"457 - Hacienda de Pavones, 148",0,457,0,23,2024-02-12 04:34:20,-3.6419,40.4026,"(-3.6419, 40.4026)"
315,"Calle de la Maquinilla,",13,134,12,12,2001,2,432 - Calle de la Maquinilla,0,432,0,24,2024-02-12 04:34:20,-3.63648424,40.38078101,"(-3.63648424, 40.38078101)"
316,"Calle del Marques de Viana,89. Madrid ,",06,066,11,8,2002,2,298 - Calle del Marques de Viana,0,298,0,19,2024-02-12 04:34:20,-3.704478,40.463643,"(-3.704478, 40.463643)"
317,"C Sierra de Guadalupe, 11,",18,181,10,17,2003,2,"437 - C Sierra de Guadalupe, 11",0,437,0,27,2024-02-12 04:34:20,-3.62376457,40.38135158,"(-3.62376457, 40.38135158)"
318,"Calle de la Verdad, 14c,",11,112,13,10,2004,2,"358 - Calle de la Verdad, 14c",0,358,0,23,2024-02-12 04:34:20,-3.71716,40.391787,"(-3.71716, 40.391787)"
319,"Calle Algorta, 2,",11,113,15,8,2005,2,"352 - Calle Algorta, 2",0,352,0,23,2024-02-12 04:34:20,-3.72745169,40.39162261454714,"(-3.72745169, 40.39162261454714)"
320,"Fernando Gabriel , 5,",15,152,10,14,2006,2,"492 - Fernando Gabriel , 5",0,492,0,24,2024-02-12 04:34:20,-3.63949891,40.42466356,"(-3.63949891, 40.42466356)"
321,"Paseo de los Jesuitas  67,",10,102,23,4,2007,1,322 - Paseo de los Jesuitas  67,0,322,0,27,2024-02-12 04:34:20,-3.7351,40.408,"(-3.7351, 40.408)"
322,"Avenida Cordoba, 21,",12,124,14,9,2008,2,"392 - Avenida Cordoba, 21",0,392,0,23,2024-02-12 04:34:20,-3.697856,40.38268,"(-3.697856, 40.38268)"
323,"Calle de Candilejas, 5,",13,133,19,4,2009,1,"420 - Calle de Candilejas, 5",0,420,0,23,2024-02-12 04:34:20,-3.66300383,40.38263599,"(-3.66300383, 40.38263599)"
324,"Calle Puerto de Balbaran, 10,",13,133,16,11,2010,2,"419 - Calle Puerto de Balbaran, 10",0,419,0,27,2024-02-12 04:34:20,-3.655868,40.3762374,"(-3.655868, 40.3762374)"
325,"Calle de Cabeza Mesada, 5,",18,183,11,16,2011,2,"439 - Calle de Cabeza Mesada, 5",0,439,0,27,2024-02-12 04:34:20,-3.629413,40.37647902,"(-3.629413, 40.37647902)"
326,"Avenida de Orovilla, 53,",17,174,10,17,2012,2,"398 - Avenida de Orovilla, 53",0,398,0,27,2024-02-12 04:34:20,-3.6895,40.3587,"(-3.6895, 40.3587)"
327,"Avenida Monforte de Lemos, 17,",08,085,9,14,2013,2,"569 - Avenida Monforte de Lemos, 17",0,569,0,23,2024-02-12 04:34:20,-3.6965,40.4795,"(-3.6965, 40.4795)"
328,"Calle Melchor Fernandez Almagro, 80,",08,084,16,7,2014,2,"571 - Calle Melchor Fernandez Almagro, 80",0,571,0,23,2024-02-12 04:34:20,-3.710326199999999,40.4756475,"(-3.710326199999999, 40.4756475)"
329,"Calle Valle de Mena, 5,",09,094,9,14,2015,2,"304 - Calle Valle de Mena, 5",0,304,0,23,2024-02-12 04:34:20,-3.71527245,40.46962735,"(-3.71527245, 40.46962735)"
330,"Calle del Cobre (Metro Arganzuela Planetario),",02,025,11,12,2017,2,268 - Calle del Cobre (M. Planetario),0,268,0,23,2024-02-12 04:34:20,-3.689031463575172,40.39338327980599,"(-3.689031463575172, 40.39338327980599)"
331,"Paseo de la Florida, 37,",09,091,4,19,2019,0,"305 -  Paseo de la Florida, 37",0,305,0,23,2024-02-12 04:34:20,-3.72317757,40.42276114,"(-3.72317757, 40.42276114)"
332,"Calle Santo Ángel de la Guarda , 6,",09,094,11,12,2020,2,"306 - Calle Santo Ángel de la Guarda , 6",0,306,0,23,2024-02-12 04:34:20,-3.7121965,40.4617959,"(-3.7121965, 40.4617959)"
333,"Calle Serrano Galvache,",15,159,6,17,2021,0,486 - Calle Serrano Galvache,0,486,0,23,2024-02-12 04:34:20,-3.6679379,40.471382,"(-3.6679379, 40.471382)"
334,"Calle Puertollano,",20,208,11,12,2022,2,502  - Calle Puertollano,0,502,0,23,2024-02-12 04:34:20,-3.6237372,40.4425157,"(-3.6237372, 40.4425157)"
335,"Calle Gallegos,",19,191,22,4,2023,1,462 - Calle Gallegos,0,462,0,27,2024-02-12 04:34:20,-3.6102747,40.40240379,"(-3.6102747, 40.40240379)"
336,"Calle del Arroyo del Olivar, 63,",13,133,6,18,2024,0,"421 - Arroyo del Olivar, 63",0,421,0,24,2024-02-12 04:34:20,-3.653269,40.388435,"(-3.653269, 40.388435)"
337,"Calle Manuel Uribe, 1,",15,158,7,16,2025,0,"487 - Calle Manuel Uribe, 1",0,487,0,23,2024-02-12 04:34:20,-3.66503419,40.46434131,"(-3.66503419, 40.46434131)"
338,"422 - Travesia de Palomeras, 7,",13,132,16,8,2026,2,"422 - Travesia de Palomeras, 7",0,422,0,24,2024-02-12 04:34:20,-3.6705179,40.39017003,"(-3.6705179, 40.39017003)"
339,"Avenida de Entrevias, 56,",13,131,16,8,2027,2,"423 - Avenida de Entrevias, 56",0,423,0,24,2024-02-12 04:34:20,-3.66855013,40.38138801,"(-3.66855013, 40.38138801)"
340,"Camino de Valderribas, 47,",13,136,11,13,2028,2,"424 - Camino de Valderribas, 47",0,424,0,24,2024-02-12 04:34:20,-3.663958,40.4002231,"(-3.663958, 40.4002231)"
341,"Calle Ramon Perez de Ayala, 45,",13,136,15,9,2029,2,"425 - Calle Ramon Perez de Ayala, 45",0,425,0,24,2024-02-12 04:34:20,-3.65381017,40.40003472,"(-3.65381017, 40.40003472)"
342,"Calle Humanes, 3,",13,135,15,9,2030,2,"426 - Calle Humanes, 3",0,426,0,24,2024-02-12 04:34:20,-3.64932678,40.3952121,"(-3.64932678, 40.3952121)"
343,"Calle de los Andaluces, 2,",13,134,16,8,2031,2,"427 - Calle de los Andaluces, 2",0,427,0,24,2024-02-12 04:34:20,-3.64148304,40.3914244,"(-3.64148304, 40.3914244)"
344,"Avenida de la Albufera,",13,133,8,15,2032,2,"428 - Avenida de la Albufera, 136",0,428,0,24,2024-02-12 04:34:20,-3.6571,40.3919,"(-3.6571, 40.3919)"
345,"Manuel Noya , 29,",12,125,13,11,2033,2,"393 - Manuel Noya , 29",0,393,0,24,2024-02-12 04:34:20,-3.7117979,40.3853787,"(-3.7117979, 40.3853787)"
346,"Serrano Galvache, 56,",15,159,10,14,2034,2,"489 - Serrano Galvache, 56",0,489,0,24,2024-02-12 04:34:20,-3.67144504,40.47675257,"(-3.67144504, 40.47675257)"
347,"Hermanos Garcia Noblejas, 158,",15,152,15,9,2035,2,"490 - Hermanos Garcia Noblejas, 158",0,490,0,24,2024-02-12 04:34:20,-3.62888094,40.42427523,"(-3.62888094, 40.42427523)"
348,"Calle Ricardo Ortiz, 33,",15,151,20,4,2036,1,"488 - Calle Ricardo Ortiz, 33",0,488,0,24,2024-02-12 04:34:20,-3.65796439,40.42657032,"(-3.65796439, 40.42657032)"
349,"Calle de Bacares, 20,",16,165,14,10,2037,2,"525 - Calle de Bacares, 20",0,525,0,24,2024-02-12 04:34:20,-3.66269029,40.47675499,"(-3.66269029, 40.47675499)"
350,"Calle de San Roman del Valle, 20,",20,204,13,11,2038,2,"504 - Calle de San Roman del Valle, 20",0,504,0,24,2024-02-12 04:34:20,-3.623466935545257,40.42309928573645,"(-3.623466935545257, 40.42309928573645)"
351,"Calle Zaldivar,",20,201,17,7,2039,1,503 - Calle Zaldivar,0,503,0,24,2024-02-12 04:34:20,-3.62650373,40.43209033,"(-3.62650373, 40.43209033)"
352,"Arroyo Bueno, 53,",17,171,5,22,2040,0,"404 -  Arroyo Bueno, 53",0,404,0,27,2024-02-12 04:34:20,-3.710985,40.349111,"(-3.710985, 40.349111)"
353,"Calle Mercedes Arteaga, 21,",11,112,12,12,2041,2,"353 - Calle Mercedes Arteaga, 21",0,353,0,24,2024-02-12 04:34:20,-3.722217570475459,40.39251608002938,"(-3.722217570475459, 40.39251608002938)"
354,"Calle de la Via,",11,112,7,17,2042,0,"355 - Calle de la Via, 52",0,355,0,24,2024-02-12 04:34:20,-3.7182338,40.3854641,"(-3.7182338, 40.3854641)"
355,"Calle Francisco de Tejada, 1,",10,102,3,21,2043,0,"326 - Calle Francisco de Tejada, 1",0,326,0,24,2024-02-12 04:34:20,-3.739615781020349,40.40937950320982,"(-3.739615781020349, 40.40937950320982)"
356,"Calle El Greco, 27,",10,103,15,9,2044,2,"327 - Calle El Greco, 27",0,327,0,24,2024-02-12 04:34:20,-3.74726153,40.40741199,"(-3.74726153, 40.40741199)"
357,"Calle del Arroyo Belincoso, 26,",14,143,18,6,2045,1,"458 - Calle del Arroyo Belincoso, 26",0,458,0,24,2024-02-12 04:34:20,-3.65256604,40.40991083,"(-3.65256604, 40.40991083)"
358,"Avenida Moratalaz, 25,",14,144,6,18,2046,0,"459 - Avenida Moratalaz, 25",0,459,0,24,2024-02-12 04:34:20,-3.66000272,40.40750626,"(-3.66000272, 40.40750626)"
359,"Corregidor licenciado Antonio de Mena, sn,",14,143,14,10,2047,2,"461 - Corregidor Ldo. Antonio de Mena, sn",0,461,0,24,2024-02-12 04:34:20,-3.6408,40.4099,"(-3.6408, 40.4099)"
360,"Calle Portalegre, 7,",11,112,12,12,2048,2,"356 - Calle Portalegre, 7",0,356,0,24,2024-02-12 04:34:20,-3.72364769,40.38937686,"(-3.72364769, 40.38937686)"
361,"Avenida Monforte de Lemos, 123,",08,084,13,11,2049,2,"572 - Avenida Monforte de Lemos, 123",0,572,0,23,2024-02-12 04:34:20,-3.70997335,40.47810429,"(-3.70997335, 40.47810429)"
362,"Calle Melchor Fernandez Almagro, 16,",08,085,2,22,2050,0,"573 - Calle Melchor Fernandez Almagro, 16",0,573,0,24,2024-02-12 04:34:20,-3.69962571,40.47772776,"(-3.69962571, 40.47772776)"
363,"Ginzo de Limia, 36,",08,085,12,12,2051,2,575 - Ginzo de Limia  36,0,575,0,24,2024-02-12 04:34:20,-3.703526,40.47817,"(-3.703526, 40.47817)"
364,"Calle Chantada, 2,",08,084,17,7,2052,1,"574 - Chantada, 2",0,574,0,24,2024-02-12 04:34:20,-3.710678,40.472695,"(-3.710678, 40.472695)"
365,"Paseo de Federico Garcia Lorca, 4,",18,181,5,13,2053,0,"440 - Paseo de Federico Garcia Lorca, 4",0,440,0,18,2024-02-12 04:34:20,-3.62144691,40.3795035,"(-3.62144691, 40.3795035)"
366,"Calle Seis, sn,",20,206,13,11,2054,2,"507 - Calle Seis, sn",0,507,0,24,2024-02-12 04:34:20,-3.59650295,40.44845033,"(-3.59650295, 40.44845033)"
367,"Calle Rosario Pino,",06,063,7,17,2055,0,299 - Calle Rosario Pino,0,299,0,24,2024-02-12 04:34:20,-3.69193246,40.46204955,"(-3.69193246, 40.46204955)"
368,"Calle Capitan Blanco Argibay,",06,065,7,17,2056,0,300 - Capitan Blanco Argibay,0,300,0,24,2024-02-12 04:34:20,-3.7031882,40.4667435,"(-3.7031882, 40.4667435)"
369,"Calle Muller,",06,065,8,16,2057,2,301 - Muller,0,301,0,24,2024-02-12 04:34:20,-3.69837565,40.46518187,"(-3.69837565, 40.46518187)"
370,"Gran Avenida, 27,",12,121,17,7,2059,1,"396 - Gran Avenida, 27",0,396,0,24,2024-02-12 04:34:20,-3.70760649,40.36997711,"(-3.70760649, 40.36997711)"
371,"Periana, 24,",12,123,14,10,2060,2,"394 - Periana, 24",0,394,0,24,2024-02-12 04:34:20,-3.68765805,40.36672327,"(-3.68765805, 40.36672327)"
372,"Calle de Moreja, 30,",12,122,19,5,2061,1,"397 - Calle de Moreja, 30",0,397,0,24,2024-02-12 04:34:20,-3.69838038,40.36809336,"(-3.69838038, 40.36809336)"
373,"Calle de Bohemios, 1,",17,175,14,10,2062,2,"399 - Calle de Bohemios, 1",0,399,0,24,2024-02-12 04:34:20,-3.693901,40.356536,"(-3.693901, 40.356536)"
374,"Calle de Torremolinos, 2,",13,134,10,14,2063,2,"430 - Calle de Torremolinos, 2",0,430,0,24,2024-02-12 04:34:20,-3.64178999,40.38500948,"(-3.64178999, 40.38500948)"
375,"Calle Ariel, 7,",02,024,18,6,2064,1,"269 - Calle Ariel, 7",0,269,0,24,2024-02-12 04:34:20,-3.67970176633988,40.393023802369754,"(-3.67970176633988, 40.393023802369754)"
376,"Calle Esteban Collantes 63,",15,152,10,14,2065,2,491 - Esteban Collantes 63,0,491,0,24,2024-02-12 04:34:20,-3.637663,40.432883,"(-3.637663, 40.432883)"
377,"Calle de Velacho Alto, 2,",16,165,6,18,2066,0,"527 - Calle de Velacho Alto, 2",0,527,0,24,2024-02-12 04:34:20,-3.65926884,40.47250314,"(-3.65926884, 40.47250314)"
378,"Plaza del Liceo,",16,163,13,11,2067,2,526 - Plaza del Liceo,0,526,0,24,2024-02-12 04:34:20,-3.64441924,40.45754368,"(-3.64441924, 40.45754368)"
379,"Puerto del Canfranc, 18,",13,136,14,10,2068,2,"431 - Puerto del Canfranc, 18",0,431,0,24,2024-02-12 04:34:20,-3.6634,40.3969,"(-3.6634, 40.3969)"
380,"Calle de Carlos Martin Alvarez, 38,",13,133,12,11,2069,2,"429 - Calle de Carlos Martin Alvarez, 38",0,429,0,23,2024-02-12 04:34:20,-3.6635,40.3895,"(-3.6635, 40.3895)"
381,"Calle del Sorbe , 20,",11,111,13,11,2070,2,"357 - Calle del Sorbe , 20",0,357,0,24,2024-02-12 04:34:20,-3.71320917,40.3898701,"(-3.71320917, 40.3898701)"
382,"Calle Teresa López Valcárcel esq. Teniente Coronel Noreña,",02,024,7,17,2071,0,270 - Calle Teresa López Valcárcel,0,270,0,24,2024-02-12 04:34:20,-3.69328771,40.38862908,"(-3.69328771, 40.38862908)"
383,"Arturo Soria, 312,",15,159,6,17,2072,0,"493. - 493 -Arturo Soria, 312",0,493.,0,23,2024-02-12 04:34:20,-3.6684167,40.47636724,"(-3.6684167, 40.47636724)"
384,"Calle de Villalobos, 28,",13,134,16,8,2073,2,"433 - Calle de Villalobos, 28",0,433,0,24,2024-02-12 04:34:20,-3.65076037,40.38161669,"(-3.65076037, 40.38161669)"
385,"Calle de Alan Turing,",13,134,16,7,2074,2,436 - Calle de Alan Turing,0,436,0,23,2024-02-12 04:34:20,-3.62713659,40.3901675,"(-3.62713659, 40.3901675)"
386,"Calle Charleroi,",13,134,17,7,2075,1,434 - Calle Charleroi,0,434,0,24,2024-02-12 04:34:20,-3.63219372,40.38191654,"(-3.63219372, 40.38191654)"
387,"Calle Albarracin, sn,",20,201,12,12,2076,2,"506 - Calle Albarracin, s/n",0,506,0,24,2024-02-12 04:34:20,-3.63251641,40.43397327,"(-3.63251641, 40.43397327)"
388,"Calle Castillo de Ucles, 37,",20,201,17,6,2077,1,"505 - Calle Castillo de Ucles, 37",0,505,0,24,2024-02-12 04:34:20,-3.62306578,40.4315255,"(-3.62306578, 40.4315255)"
389,"Calle San Claudio, 154,",13,134,13,11,2078,2,"435 - Calle San Claudio, 154",0,435,0,24,2024-02-12 04:34:20,-3.63953994,40.38902883,"(-3.63953994, 40.38902883)"
390,"Calle Alcala  (acera de tránsito peatonal),",20,207,0,0,2079,3,508 - Alcala  (acera de tránsito peatonal),1,508,0,0,2024-02-12 04:34:20,-3.60960104,40.44910362,"(-3.60960104, 40.44910362)"
391,"Paseo de la Dirección, frente 297,",06,065,10,14,2080,2,"302 - Paseo de la Dirección ,frente 297",0,302,0,24,2024-02-12 04:34:20,-3.703955,40.4702445774,"(-3.703955, 40.4702445774)"
392,"Calle Casalarreina,",19,191,17,7,2081,1,463 - Calle Casalarreina 18,0,463,0,24,2024-02-12 04:34:20,-3.6123187980524585,40.40939089860396,"(-3.6123187980524585, 40.40939089860396)"
393,"Avenida de Daroca 321,",19,191,15,9,2082,2,"464 - Avenida de Daroca, 321",0,464,0,24,2024-02-12 04:34:20,-3.61283416,40.40634029,"(-3.61283416, 40.40634029)"
394,"Paseo de los Gigantes y Cabezudos, 4,",17,175,6,18,2083,0,"400 - Paseo de los Gigantes y Cabezudos, 4",0,400,0,24,2024-02-12 04:34:20,-3.69399661,40.36064659,"(-3.69399661, 40.36064659)"
395,"Calle San Restituto, 74,",09,094,3,21,2084,0,"307 - Calle San Restituto, 74",0,307,0,24,2024-02-12 04:34:20,-3.71693008,40.46588016,"(-3.71693008, 40.46588016)"
396,"Paseo de la Dirección, 161,",06,065,5,19,2085,0,"303 - Paseo de la Dirección, 161",0,303,0,24,2024-02-12 04:34:20,-3.7080850848120273,40.46778929738312,"(-3.7080850848120273, 40.46778929738312)"
397,"Avenida El Ferrol, 18,",08,084,6,18,2086,0,"576 - Avenida El Ferrol, 18",0,576,0,24,2024-02-12 04:34:20,-3.70510525,40.47431313,"(-3.70510525, 40.47431313)"
398,"577 - Calle Monforte de Lemos, 103,",08,084,12,12,2087,2,"577 - Calle Monforte de Lemos, 103",0,577,0,24,2024-02-12 04:34:20,-3.70566914,40.47899993,"(-3.70566914, 40.47899993)"
399,"Calle Ofelia Nieto, 75,",09,094,3,21,2088,0,"309 - Calle Ofelia Nieto, 75",0,309,0,24,2024-02-12 04:34:20,-3.708734,40.462051,"(-3.708734, 40.462051)"
400,"Calle de María Auxiladora 1,",09,093,3,21,2089,0,308 - María Auxiliadora 1,0,308,0,24,2024-02-12 04:34:20,-3.71346147,40.45772941,"(-3.71346147, 40.45772941)"
401,"Avenida de Guadalajara, 101,",20,204,11,13,2090,2,"510 - Avenida de Guadalajara, 101",0,510,0,24,2024-02-12 04:34:20,-3.61346199,40.42218968,"(-3.61346199, 40.42218968)"
402,"Calle Aquitania, 31,",20,204,12,15,2091,2,511 - Aquitania 31,0,511,0,26,2024-02-12 04:34:20,-3.61726728,40.41912347,"(-3.61726728, 40.41912347)"
403,"Calle de los Aparejadores, 24,",20,204,10,14,2092,2,"512 - Calle de los Aparejadores, 24",0,512,0,24,2024-02-12 04:34:20,-3.61537023,40.42667885,"(-3.61537023, 40.42667885)"
404,"Avenida de Niza, 9,",20,205,11,16,2093,2,"513 - Avenida de Niza, 9",0,513,0,27,2024-02-12 04:34:20,-3.60645414,40.4271211,"(-3.60645414, 40.4271211)"
405,"Calle Maria Sevilla Diago, 3,",20,205,11,13,2094,2,"514 - Maria Sevilla Diago, 3",0,514,0,24,2024-02-12 04:34:20,-3.61095077,40.43283006,"(-3.61095077, 40.43283006)"
406,"Avenida de Hellin, 13,",20,202,5,19,2095,0,"515 - Avenida de Hellin, 13",0,515,0,24,2024-02-12 04:34:20,-3.61579967,40.43091667,"(-3.61579967, 40.43091667)"
407,"Calle de El Toboso, 115,",11,113,10,13,2096,2,"359 - Calle de El Toboso, 115",0,359,0,23,2024-02-12 04:34:20,-3.7363397,40.3929901,"(-3.7363397, 40.3929901)"
408,"Avenida Nuestra Señora de Fatima, 34,",11,114,10,13,2097,2,"360 - Avda. Nuestra Señora de Fatima, 34",0,360,0,23,2024-02-12 04:34:20,-3.7470882,40.3840155,"(-3.7470882, 40.3840155)"
409,"Avenida de Abrantes, 108,",11,117,13,10,2098,2,"361 - Avenida de Abrantess, 108",0,361,0,23,2024-02-12 04:34:20,-3.73266666,40.37734672,"(-3.73266666, 40.37734672)"
410,"Avenida de Santa Eugenia, 9,",18,182,6,18,2099,0,"441 - Avenida de Santa Eugenia, 9",0,441,0,24,2024-02-12 04:34:20,-3.60948153,40.38600753,"(-3.60948153, 40.38600753)"
411,"Avenida del Mediterraneo, sn,",18,182,14,13,2100,2,"442 - Avenida del Mediterraneo, sn",0,442,0,27,2024-02-12 04:34:20,-3.60463,40.38305936,"(-3.60463, 40.38305936)"
412,"Calle Fuentespina, 33,",18,182,22,2,2101,1,"443 - Calle Fuentespina, 33",0,443,0,24,2024-02-12 04:34:20,-3.60724755,40.37941487,"(-3.60724755, 40.37941487)"
413,"Calle Hilario Herránz Establos , 36,",11,116,3,24,2102,0,362 - Hilario Herranz Establos 36,0,362,0,27,2024-02-12 04:34:20,-3.726638,40.372839,"(-3.726638, 40.372839)"
414,"Calle Rioja, 13,",21,211,12,12,2103,2,"557 - Calle Rioja, 13",0,557,0,24,2024-02-12 04:34:20,-3.58815143,40.45746674,"(-3.58815143, 40.45746674)"
415,"Francisco Suarez, 28,",05,055,9,14,2104,2,"290 - Francisco Suarez, 28",0,290,0,23,2024-02-12 04:34:20,-3.67994416,40.46437817,"(-3.67994416, 40.46437817)"
416,"Calle de López de Hoyos, 478,",16,164,3,20,2105,0,"529 - Lopez de Hoyos , 478",0,529,0,23,2024-02-12 04:34:20,-3.649843,40.47175,"(-3.649843, 40.47175)"
417,"Calle de los Emigrantes, 15,",16,163,11,16,2106,2,"530 - Calle de los Emigrantes, 15",0,530,0,27,2024-02-12 04:34:20,-3.63788349,40.4685745,"(-3.63788349, 40.4685745)"
418,"Calle de Santa Virgilia, 6,",16,164,9,14,2107,2,"531 - Calle de Santa Virgilia, 6",0,531,0,23,2024-02-12 04:34:20,-3.6450741,40.4768782,"(-3.6450741, 40.4768782)"
419,"Avenida Barranquilla, 17,",16,164,8,16,2108,2,"532 - Avenida Barranquilla, 17",0,532,0,24,2024-02-12 04:34:20,-3.6395164,40.47490194,"(-3.6395164, 40.47490194)"
420,"Avenida de San Luis, 23,",16,164,11,12,2109,2,"533 - Avenida de San Luis, 23",0,533,0,23,2024-02-12 04:34:20,-3.65511455,40.47148748,"(-3.65511455, 40.47148748)"
421,"Calle Serrano nº 32,",04,041,4,14,2110,0,106 a - 106a- Colón A,0,106 a,0,19,2024-02-12 04:34:20,-3.687807,40.424924,"(-3.687807, 40.424924)"
422,"Calle de la Isla Graciosa, 2,",08,086,11,13,2111,2,"582 -  Isla Graciosa, 2",0,582,0,24,2024-02-12 04:34:20,-3.6862657,40.49262243,"(-3.6862657, 40.49262243)"
423,"Calle de Angel Mugica, 3,",08,086,6,18,2112,0,"583 - Calle de Angel Mugica, 3",0,583,0,24,2024-02-12 04:34:20,-3.68529048,40.48468297,"(-3.68529048, 40.48468297)"
424,"Avenida Monasterio de Silos, 63A,",08,088,9,15,2113,2,"584 - Avenida Monasterio de Silos, 63A",0,584,0,24,2024-02-12 04:34:20,-3.69603345,40.50501029,"(-3.69603345, 40.50501029)"
425,"Calle Molins de Rey, 8,",08,086,14,10,2114,2,"585 - Molins de Rey, 8",0,585,0,24,2024-02-12 04:34:20,-3.69374813,40.4954662,"(-3.69374813, 40.4954662)"
426,"Calle Caldas de Estrach, 14,",08,086,8,15,2115,2,"586 - Caldas de Estrach, 14",0,586,0,23,2024-02-12 04:34:20,-3.6974725,40.4963916,"(-3.6974725, 40.4963916)"
427,"Calle de Mesena, 102,",16,165,10,14,2116,2,"534 - Calle de Mesena, 102",0,534,0,24,2024-02-12 04:34:20,-3.66340634,40.46772408,"(-3.66340634, 40.46772408)"
428,"Calle Delicias, 45,",02,026,9,10,2117,2,"273 - Calle Delicias, 45",0,273,0,19,2024-02-12 04:34:20,-3.69091831,40.40381914,"(-3.69091831, 40.40381914)"
429,"Calle Costa Brava, 16,",08,087,2,25,2118,0,"587 - Costa Brava, 16",0,587,0,27,2024-02-12 04:34:20,-3.70865744,40.49892399,"(-3.70865744, 40.49892399)"
430,"Av. del Campo de Calatrava, 17,",08,086,8,19,2119,0,"588 - Av. del Campo de Calatrava, 17",0,588,0,27,2024-02-12 04:34:20,-3.69112254,40.50052161,"(-3.69112254, 40.50052161)"
431,"Avenida Monasterio de Silos, 37,",08,088,11,13,2120,2,"589 - Avenida Monasterio de Silos, 37",0,589,0,24,2024-02-12 04:34:20,-3.70290315,40.50340494,"(-3.70290315, 40.50340494)"
432,"Calle de Ramon Power, 8,",16,163,15,12,2121,2,"535 - Calle de Ramon Power, 8",0,535,0,27,2024-02-12 04:34:20,-3.634999,40.463575,"(-3.634999, 40.463575)"
433,"Calle Cebreros, 97,",10,103,9,14,2122,2,"328 - Calle Cebreros, 97",0,328,0,23,2024-02-12 04:34:20,-3.7521917,40.4032379,"(-3.7521917, 40.4032379)"
434,"Calle Alhambra, 58,",10,103,14,9,2123,2,"329 - Calle Alhambra, 58",0,329,0,23,2024-02-12 04:34:20,-3.74445208,40.3988162,"(-3.74445208, 40.3988162)"
435,"Calle de la Duquesa de Parcent, 14,",10,104,9,14,2124,2,"330 - Calle de la Duquesa de Parcent, 14",0,330,0,23,2024-02-12 04:34:20,-3.7447281,40.39500224,"(-3.7447281, 40.39500224)"
436,"Calle Valmojado, 53,",10,104,12,12,2125,2,"331 - Calle Valmojado, 53",0,331,0,24,2024-02-12 04:34:20,-3.75757186,40.39649629,"(-3.75757186, 40.39649629)"
437,"Calle Los Yebenes, 159,",10,104,12,11,2126,2,"332 - Calle Los Yebenes, 159",0,332,0,23,2024-02-12 04:34:20,-3.75181704,40.39302789,"(-3.75181704, 40.39302789)"
438,"Avenida de Oporto, 102,",11,112,16,7,2127,2,"363 - Avenida de Oporto, 102",0,363,0,23,2024-02-12 04:34:20,-3.72987333,40.38745087,"(-3.72987333, 40.38745087)"
439,"Avenida de Oporto, 34,",11,112,18,5,2128,1,"364 - Avenida de Oporto, 34 ",0,364,0,23,2024-02-12 04:34:20,-3.72378064,40.38550735,"(-3.72378064, 40.38550735)"
440,"Calle del Boj, 5,",16,161,12,11,2129,2,"536 - Calle del Boj, 5",0,536,0,23,2024-02-12 04:34:20,-3.6180818,40.4560204,"(-3.6180818, 40.4560204)"
441,"Avenida de Machupichu, 23,",16,162,12,15,2130,2,"537 - Avenida de Machupichu, 23",0,537,0,27,2024-02-12 04:34:20,-3.62579439,40.45841466,"(-3.62579439, 40.45841466)"
442,"Calle de Haendel, 8,",16,163,12,15,2131,2,"538 - Calle de Haendel, 8",0,538,0,27,2024-02-12 04:34:20,-3.62532131,40.46275082,"(-3.62532131, 40.46275082)"
443,"Calle Illescas, 80,",10,104,8,13,2132,2,"333 - Calle Illescas, 80",0,333,0,23,2024-02-12 04:34:20,-3.7562323,40.392175,"(-3.7562323, 40.392175)"
444,"Av de la plaza de Toros , 3,",11,114,18,5,2133,1,"365 - Av de la plaza de Toros , 3",0,365,0,23,2024-02-12 04:34:20,-3.73725908,40.38537202,"(-3.73725908, 40.38537202)"
445,"Paseo de Marcelino Camacho, 53B,",11,114,16,7,2134,2,"366 - Paseo de Marcelino Camacho, 53B",0,366,0,23,2024-02-12 04:34:20,-3.744521,40.387737,"(-3.744521, 40.387737)"
446,"Avenida Alfonso XIII, 113,",05,054,12,11,2135,2,"291 - Avenida Alfonso XIII, 113",0,291,0,23,2024-02-12 04:34:20,-3.66790332,40.45866532,"(-3.66790332, 40.45866532)"
447,"Calle Pradillo, 33,",05,053,11,12,2136,2,"292 - Pradillo, 33",0,292,0,23,2024-02-12 04:34:20,-3.6717937,40.44904126,"(-3.6717937, 40.44904126)"
448,"Arturo Soria, 332,",15,159,2,21,2137,0,"494 - Arturo Soria, 332",0,494,0,23,2024-02-12 04:34:20,-3.666529,40.480694,"(-3.666529, 40.480694)"
449,"C Juan Ignacio Luca de Tena, 13,",20,208,11,16,2138,2,"516 - Juan Ignacio Luca de Tena, 13",0,516,0,27,2024-02-12 04:34:20,-3.63110255,40.44796778,"(-3.63110255, 40.44796778)"
450,"Eugenia de Montijo, 57,",11,115,5,10,2139,2,"368 - Eugenia de Montijo, 57",0,368,0,15,2024-02-12 04:34:20,-3.74706068,40.3791024,"(-3.74706068, 40.3791024)"
451,"Plaza de la Parroquia , 20,",11,115,10,13,2140,2,"369 - Plaza de la Parroquia , 20",0,369,0,23,2024-02-12 04:34:20,-3.7415832,40.3802446,"(-3.7415832, 40.3802446)"
452,"Calle de Avefria, 26,",11,115,17,6,2141,1,"370 - Calle de Avefria, 26",0,370,0,23,2024-02-12 04:34:20,-3.7308025,40.38386939,"(-3.7308025, 40.38386939)"
453,"Calle Maria de Maeztu, 50,",08,087,8,19,2142,0,"590 - María de Maeztu, 50",0,590,0,27,2024-02-12 04:34:20,-3.72757227,40.49093014,"(-3.72757227, 40.49093014)"
454,"Calle San Mariano, 58,",20,207,17,10,2143,2,"517 - Calle San Mariano, 58",0,517,0,27,2024-02-12 04:34:20,-3.61190481,40.44175279,"(-3.61190481, 40.44175279)"
455,"Calle de Tampico, 71,",20,208,11,12,2144,2,"518 - Calle de Tampico, 71",0,518,0,23,2024-02-12 04:34:20,-3.635345,40.444569,"(-3.635345, 40.444569)"
456,"Calle Joaquin Turina, 49,",11,116,13,14,2145,2,"371 - Calle Joaquin Turina, 49",0,371,0,27,2024-02-12 04:34:20,-3.76182,40.372458,"(-3.76182, 40.372458)"
457,"Calle Lonja de la Seda, 33,",11,116,13,10,2146,2,"372 - Calle Lonja de la Seda, 33",0,372,0,23,2024-02-12 04:34:20,-3.76158263,40.36612215,"(-3.76158263, 40.36612215)"
458,"Calle Salvador Allende, 26,",11,116,9,14,2147,2,"373 - Calle Salvador Allende, 26",0,373,0,23,2024-02-12 04:34:20,-3.75787005,40.36277848,"(-3.75787005, 40.36277848)"
459,"Calle del Dinero, 38,",11,116,11,15,2148,2,"374 - Calle del Dinero, 38",0,374,0,27,2024-02-12 04:34:20,-3.7501466,40.3625707,"(-3.7501466, 40.3625707)"
460,"Calle Calderilla, 4,",11,116,17,10,2149,2,"375 - Calle Calderilla, 4",0,375,0,27,2024-02-12 04:34:20,-3.7386603,40.3651497,"(-3.7386603, 40.3651497)"
461,"Av.Ventisquero de la Condesa, 39,",08,087,17,2,2150,1,"591 - Av.Ventisquero de la Condesa, 39",0,591,0,19,2024-02-12 04:34:20,-3.71622921,40.49108225,"(-3.71622921, 40.49108225)"
462,"Calle de Gloria Fuertes, 181,",08,087,16,11,2151,2,"592 - Calle de Gloria Fuertes, 181",0,592,0,27,2024-02-12 04:34:20,-3.7249527,40.4956969,"(-3.7249527, 40.4956969)"
463,"Calle del Pinzon, 1A,",11,114,10,14,2152,2,"376 - Calle del Pinzon, 1A",0,376,0,24,2024-02-12 04:34:20,-3.7405438,40.39229225,"(-3.7405438, 40.39229225)"
464,"Av Abrantes, 55,",11,117,15,3,2153,1,"377 - Av Abrantes, 55",0,377,0,18,2024-02-12 04:34:20,-3.72783615,40.38091762,"(-3.72783615, 40.38091762)"
465,"Calle de Mota del Cuervo, 70,",16,163,8,16,2154,2,"539 - Calle de Mota del Cuervo, 70",0,539,0,24,2024-02-12 04:34:20,-3.63135715,40.4648762,"(-3.63135715, 40.4648762)"
466,"Calle Seseña, 93,",10,104,13,11,2155,2,"334 - Seseña, 93",0,334,0,24,2024-02-12 04:34:20,-3.76815631,40.39497294,"(-3.76815631, 40.39497294)"
467,"Calle Cardaño, 10,",10,105,11,13,2156,2,"335 - Calle Cardaño, 10",0,335,0,24,2024-02-12 04:34:20,-3.77057541,40.39659757,"(-3.77057541, 40.39659757)"
468,"Calle Troya, 11,",20,207,14,10,2157,2,"519 - Calle Troya, 11",0,519,0,24,2024-02-12 04:34:20,-3.61191521,40.43699597,"(-3.61191521, 40.43699597)"
469,"Calle Eugenia de Montijo, 83,",11,116,15,9,2158,2,"378 - Eugenia de Montijo, 83",0,378,0,24,2024-02-12 04:34:20,-3.7509733,40.37562288,"(-3.7509733, 40.37562288)"
470,"Calle Antonia Rodriguez Sacristan, 4,",11,116,8,16,2159,2,"379 - Antonia Rodriguez Sacristan, 4",0,379,0,24,2024-02-12 04:34:20,-3.74765739,40.37313777,"(-3.74765739, 40.37313777)"
471,"Calle Caleruega, 18,",15,159,7,17,2160,0,"495 - Calle Caleruega, 18",0,495,0,24,2024-02-12 04:34:20,-3.670588,40.478746,"(-3.670588, 40.478746)"
472,"Calle Islas Cies, 27,",08,083,8,16,2161,2,"593 - Islas Cies, 27",0,593,0,24,2024-02-12 04:34:20,-3.71869067,40.48027409,"(-3.71869067, 40.48027409)"
473,"Calle Pedro Rico, 49,",08,085,6,18,2162,0,"594 - Calle Pedro Rico, 49",0,594,0,24,2024-02-12 04:34:20,-3.703918,40.48194,"(-3.703918, 40.48194)"
474,"Avenida de Betanzos, 68,",08,084,11,13,2163,2,"595 - Avenida de Betanzos, 68",0,595,0,24,2024-02-12 04:34:20,-3.7132206,40.48178815,"(-3.7132206, 40.48178815)"
475,"Calle Ramon Gomez de la Serna, 37,",08,083,4,20,2164,0,"596 - Ramon Gomez de la Serna, 37",0,596,0,24,2024-02-12 04:34:20,-3.72382554,40.48432751,"(-3.72382554, 40.48432751)"
476,"Calle de Dulce Chacon, sn,",16,166,6,18,2165,0,"540 - Calle de Dulce Chacon, sn",0,540,0,24,2024-02-12 04:34:20,-3.6636484,40.4845596,"(-3.6636484, 40.4845596)"
477,"Calle Oliva de Plasencia, 1,",10,107,10,14,2166,2,"336 - Calle Oliva de Plasencia, 1",0,336,0,24,2024-02-12 04:34:20,-3.77915183,40.37850071,"(-3.77915183, 40.37850071)"
478,"Calle Valmojado, 295,",10,104,5,13,2167,0,"337 - Calle Valmojado, 295",0,337,0,18,2024-02-12 04:34:20,-3.76048923,40.38614104,"(-3.76048923, 40.38614104)"
479,"Calle Guareña, 13,",10,107,10,8,2168,2,"338 - Calle Guareña, 13",0,338,0,18,2024-02-12 04:34:20,-3.7653391035306005,40.386362337060476,"(-3.7653391035306005, 40.386362337060476)"
480,"Avenida de las Aguilas , 110,",10,107,13,11,2169,2,"339 - Avenida de las Aguilas , 110",0,339,0,24,2024-02-12 04:34:20,-3.78061952,40.38132642,"(-3.78061952, 40.38132642)"
481,"Calle de la Foresta, 21,",08,086,9,14,2170,2,"597 - Calle de la Foresta, 8",0,597,0,23,2024-02-12 04:34:20,-3.66777681,40.49853277,"(-3.66777681, 40.49853277)"
482,"Calle de José Gutiérrez Maroto, 33,",18,183,13,14,2171,2,"445 - Calle de José Gutiérrez Maroto, 33",0,445,0,27,2024-02-12 04:34:20,-3.60503564,40.36334587,"(-3.60503564, 40.36334587)"
483,"Calle La Cabrera, sn,",08,083,11,16,2172,2,"599 - Calle La Cabrera, sn",0,599,0,27,2024-02-12 04:34:20,-3.71920443,40.47223267,"(-3.71920443, 40.47223267)"
484,"Calle Fuente de Lima, 10,",10,107,12,11,2173,2,"343 - Calle Fuente de Lima, 10",0,343,0,23,2024-02-12 04:34:20,-3.78339301,40.38358975,"(-3.78339301, 40.38358975)"
485,"Calle Ocaña, 103,",10,104,15,8,2174,2,"344 - Calle Ocaña, 103",0,344,0,23,2024-02-12 04:34:20,-3.75292035,40.38586273,"(-3.75292035, 40.38586273)"
486,"Paseo de Juan XXIII, 24,",09,093,15,12,2175,2,"313 - Paseo de Juan XXIII, 24",0,313,0,27,2024-02-12 04:34:20,-3.7169359,40.448084,"(-3.7169359, 40.448084)"
487,"Avenida de Valladolid, 47G, 47,",09,091,9,18,2176,2,"314 - Avenida de Valladolid, 47G",0,314,0,27,2024-02-12 04:34:20,-3.73068,40.42966,"(-3.73068, 40.42966)"
488,"Calle de Caroli, 1,",09,097,10,13,2177,2,"315 - Calle de Caroli, 1",0,315,0,23,2024-02-12 04:34:20,-3.784627,40.45862,"(-3.784627, 40.45862)"
489,"Calle Antonio Machado, sn,,",09,094,7,12,2178,2,"316 - Calle Antonio Machado, sn",0,316,0,19,2024-02-12 04:34:20,-3.71995383,40.46439687,"(-3.71995383, 40.46439687)"
490,"Calle Antonio Machado, 30,",09,094,11,16,2179,2,"317 - Calle Antonio Machado, 30",0,317,0,27,2024-02-12 04:34:20,-3.71921712,40.46826955,"(-3.71921712, 40.46826955)"
491,"Calle Fuente del Tiro, 27,",10,107,13,11,2180,2,"345 - Fuente del Tiro, 27",0,345,0,24,2024-02-12 04:34:20,-3.7798001,40.38308791,"(-3.7798001, 40.38308791)"
492,"Calle del Pico Chilegua, 3,",18,181,20,4,2182,1,"449 - Calle del Pico Chilegua, 3",0,449,0,24,2024-02-12 04:34:20,-3.61869106,40.37286701,"(-3.61869106, 40.37286701)"
493,"Calle Camino de las Hormigueras, 161,",18,181,24,0,2183,1,"450 - Calle Camino de las Hormigueras, 161",0,450,0,24,2024-02-12 04:34:20,-3.6370762,40.3762555,"(-3.6370762, 40.3762555)"
494,"Clara del Rey, 6,",05,052,7,17,2184,0,"294 - Clara del Rey, 6",0,294,0,24,2024-02-12 04:34:20,-3.672339,40.440944,"(-3.672339, 40.440944)"
495,"Avenida del Camino de Santiago, 4,",08,086,13,10,2185,2,"604 - Avenida del Camino de Santiago, 4",0,604,0,23,2024-02-12 04:34:20,-3.66955215,40.50910428,"(-3.66955215, 40.50910428)"
496,"Calle de Jose de Cadalso, 62,",10,107,15,12,2186,2,"348 - Calle de Jose de Cadalso, 62",0,348,0,26,2024-02-12 04:34:20,-3.77024778,40.37959145,"(-3.77024778, 40.37959145)"
497,"Calle Enrique Garcia Alvarez, 5,",18,182,18,9,2187,2,"438 - Calle Enrique Garcia Alvarez, 5",0,438,0,27,2024-02-12 04:34:20,-3.6140607,40.3804482,"(-3.6140607, 40.3804482)"
498,"Calle de La Granja de San Ildefonso, 14,",18,183,14,13,2188,2,"451 - Calle de La Granja de San Ildefonso, 14",0,451,0,27,2024-02-12 04:34:20,-3.62283116,40.36813427,"(-3.62283116, 40.36813427)"
499,"Avenida de Las Suertes, 15,",18,183,9,14,2189,2,"452 - Avenida de Las Suertes, 15",0,452,0,23,2024-02-12 04:34:20,-3.6078539,40.3713613,"(-3.6078539, 40.3713613)"
500,"Avenida del Ensanche de Vallecas, 9,",18,183,16,11,2190,2,"453 - Avenida del Ensanche de Vallecas, 9",0,453,0,27,2024-02-12 04:34:20,-3.61253028,40.37043968,"(-3.61253028, 40.37043968)"
501,"Calle Gran Via del Sureste, 22,",18,183,11,16,2191,2,"454 - Gran Via del Sureste, 22",0,454,0,27,2024-02-12 04:34:20,-3.5897045,40.3631604,"(-3.5897045, 40.3631604)"
502,"Paseo de la Chopera,33,Comunidad de Madrid España",02,023,5,18,2205,0,"267 - Paseo de la Chopera, 33",0,267,0,23,2024-02-12 04:34:20,-3.7003996647238746,40.39500000000003,"(-3.7003996647238746, 40.39500000000003)"
503,"Calle Rafaela Ybarra, 22,Comunidad de Madrid España",12,126,6,17,2207,0,"391 - Calle Rafaela Ybarra, 22",0,391,0,22,2024-02-12 04:34:20,-3.711296220901499,40.3817026328731,"(-3.711296220901499, 40.3817026328731)"
504,"c/ Ginzo de Limia, 47,",08,084,17,6,2214,1,"2200 - 580 - Ginzo de Limia, 47",0,2200,0,23,2024-02-12 04:34:20,-3.706904,40.48337,"(-3.706904, 40.48337)"
505,"Paseo de la Castellana nº 122,",05,051,11,12,2224,2,150 - Castellana frente a Hermanos Pinzón,0,150,0,23,2024-02-12 04:34:20,-3.6908,40.4491,"(-3.6908, 40.4491)"
506,"Paseo de la Castellana nº 164,Comunidad de Madrid España",05,055,13,10,2225,2,157 - Castellana 164.,0,157,0,23,2024-02-12 04:34:20,-3.6894151,40.4591366,"(-3.6894151, 40.4591366)"
507,"Guetaria , 84b,",12,121,24,0,2226,1,395b - 395 - Guetaria  84b,0,395b,0,24,2024-02-12 04:34:20,-3.71569102,40.36916772,"(-3.71569102, 40.36916772)"
508,"548 - Eduardo Mazón 1,",16,161,11,12,2233,2,548 - Eduardo Mazón 1,0,548,0,23,2024-02-12 04:34:20,-3.6154157,40.4521484,"(-3.6154157, 40.4521484)"
509,"Santa Rita 1,",05,052,5,18,2234,0,293 - Santa Rita 1,0,293,0,23,2024-02-12 04:34:20,-3.6682882,40.4457928,"(-3.6682882, 40.4457928)"
510,"Avenida de NIza 67,",20,205,9,14,2235,2,520. - 520 - Avenida de NIza 67,0,520.,0,23,2024-02-12 04:34:20,-3.60811578,40.4342806,"(-3.60811578, 40.4342806)"
511,"Amposta s/n (esquina Arcos de Jalón),",20,204,10,13,2236,2,509. - 509 - Amposta s/n (esquina Arcos de Jalón),0,509.,0,23,2024-02-12 04:34:20,-3.61865045,40.42218951,"(-3.61865045, 40.42218951)"
512,"Bahía de Cádiz, 2,",21,215,16,7,2237,2,"558 - Bahía de Cádiz, 2",0,558,0,23,2024-02-12 04:34:20,-3.593712,40.461137,"(-3.593712, 40.461137)"
513,"Cristo del Gran Poder, 27,",21,214,10,13,2238,2,"561 - Cristo del Gran Poder, 27",0,561,0,23,2024-02-12 04:34:20,-3.585751,40.472048,"(-3.585751, 40.472048)"
514,"Calle Tomillar, 40,",21,211,13,14,2239,2,"562 - Tomillar, 40",0,562,0,27,2024-02-12 04:34:20,-3.5844146,40.4630993,"(-3.5844146, 40.4630993)"
515,"560 - Playa de Zarauz, 16,",21,214,10,13,2240,2,"560 - Playa de Zarauz, 16",0,560,0,23,2024-02-12 04:34:20,-3.5906847,40.4731404,"(-3.5906847, 40.4731404)"
516,"5568 - Avda. del Partenón, 6,",21,215,12,15,2241,2,"568 - Avda. del Partenón, 6",0,568,0,27,2024-02-12 04:34:20,-3.6178336,40.4632802,"(-3.6178336, 40.4632802)"
517,"Paseo Alberto Palacios, 42,",17,171,9,13,2243,2,"405 - Alberto Palacios, 42",0,405,0,22,2024-02-12 04:34:20,-3.7129039644180373,40.3449259916087,"(-3.7129039644180373, 40.3449259916087)"
518,"Calle de Eduardo Maristany, 7,",17,173,12,15,2244,2,"401 - Eduardo Maristany, 7",0,401,0,27,2024-02-12 04:34:20,-3.683127,40.353285,"(-3.683127, 40.353285)"
519,"Calle Cifuentes, 5,",17,175,9,14,2245,2,"406 - Calle Cifuentes, 5",0,406,0,23,2024-02-12 04:34:20,-3.6960817,40.3486,"(-3.6960817, 40.3486)"
520,"Calle de Auñón, 16,",17,173,11,11,2246,2,"403 - Auñón, 16",0,403,0,23,2024-02-12 04:34:20,-3.6775242,40.3504944,"(-3.6775242, 40.3504944)"
521,"PASEO DE LOS MELANCÓLICOS 73,",02,021,12,10,2247,2,280 - PASEO DE LOS MELANCÓLICOS 73,0,280,0,23,2024-02-12 04:34:20,-3.718569,40.401782,"(-3.718569, 40.401782)"
522,"Calle Albox 33,",11,115,14,8,2248,2,367-2 - 367 - Albox 33,0,367-2,0,23,2024-02-12 04:34:20,-3.73984,40.373972,"(-3.73984, 40.373972)"
523,"Paseo de los Jesuitas 4,",10,102,13,10,2249,2,325b - 325 - Paseo de los Jesuitas 4,0,325b,0,23,2024-02-12 04:34:20,-3.7305543,40.4106918,"(-3.7305543, 40.4106918)"
524,"Calle Sierra de Atapuerca, 19,",08,086,10,13,2250,2,"578 - Sierra de Atapuerca, 19",0,578,0,23,2024-02-12 04:34:20,-3.67042488,40.50292982,"(-3.67042488, 40.50292982)"
525,"Calle Puerto de Porzuna, 34,",18,181,14,9,2251,2,"446 - Puerto de Porzuna 34, ",0,446,0,23,2024-02-12 04:34:20,-3.6236297,40.373826,"(-3.6236297, 40.373826)"
526,"Parque Eugenia de Montijo, 2,",11,114,11,13,2252,2,"382-2 - 382 -Parque Eugenia de Montijo, 2",0,382-2,0,24,2024-02-12 04:34:20,-3.7545822,40.3783501,"(-3.7545822, 40.3783501)"
527,"Transversal Sexta, 17,",17,171,13,11,2254,2,"410 - Transversal Sexta ,17",0,410,0,24,2024-02-12 04:34:20,-3.6992665,40.3325463,"(-3.6992665, 40.3325463)"
528,"579 - Maria Tubau,",08,086,12,12,2256,2,579 - Maria Tubau,0,579,0,24,2024-02-12 04:34:20,-3.6717035870335635,40.51399230680476,"(-3.6717035870335635, 40.51399230680476)"
529,"602 - Calle del Monasterio de Sobrado, 6,",08,088,6,18,2257,0,"602 - Calle del Monasterio de Sobrado, 6",0,602,0,24,2024-02-12 04:34:20,-3.692837,40.5093225,"(-3.692837, 40.5093225)"
530,"Calle de Úbeda,  27,",08,083,14,10,2258,2,"600 - Ubeda,  27",0,600,0,24,2024-02-12 04:34:20,-3.7149566,40.4825507,"(-3.7149566, 40.4825507)"
531,"566 - Avenida de Logroño, 315,",21,214,10,14,2259,2,"566 - Avenida de Logroño, 315",0,566,0,24,2024-02-12 04:34:20,-3.5815033,40.4703472,"(-3.5815033, 40.4703472)"
532,"565- Playa de Riazor, 66,",21,214,11,13,2260,2,"565 - Playa de Riazor, 66",0,565,0,24,2024-02-12 04:34:20,-3.5838869,40.47563573,"(-3.5838869, 40.47563573)"
533,"467 -  Calle Villardondiego frente,  32,",19,191,14,10,2261,2,467 -  Calle Villardondiego  32,0,467,0,24,2024-02-12 04:34:20,-3.6084888,40.4062361,"(-3.6084888, 40.4062361)"
534,"469 - Ladera de los Almendros, 6,",19,192,16,8,2262,2,"469 - Ladera de los Almendros, 6",0,469,0,24,2024-02-12 04:34:20,-3.62299,40.40343,"(-3.62299, 40.40343)"
535,"470 - Avenida Real, 3,",19,191,14,4,2263,1,"470 - Avenida Real, 3",0,470,0,18,2024-02-12 04:34:20,-3.6063672,40.4021519,"(-3.6063672, 40.4021519)"
536,"471 - Calle Molino Viejo frente , 14,",19,193,11,7,2264,2,"471 - Molino Viejo frente , 14",0,471,0,18,2024-02-12 04:34:20,-3.60666,40.396301,"(-3.60666, 40.396301)"
537,"271 - Calle Amaltea , 1,",02,025,20,4,2265,1,"271 - Calle Amaltea , 1",0,271,0,24,2024-02-12 04:34:20,-3.68317,40.394706,"(-3.68317, 40.394706)"
538,"Calle Villablanca 7,",19,191,17,6,2266,1,466  - Villablanca  7,0,466,0,23,2024-02-12 04:34:20,-3.60783265,40.40894698,"(-3.60783265, 40.40894698)"
539,"Paseo de Juan Antonio Vallejo Nájera Botas, 28,",02,022,9,14,2267,2,"275 - Juan Antonio Vallejo Nájera Botas, 25",0,275,0,23,2024-02-12 04:34:20,-3.7082123,40.4020545,"(-3.7082123, 40.4020545)"
540," Avenida de la Aurora Boreal, 19,",19,193,10,13,2268,2,"475 - Aurora Boreal, 19",0,475,0,23,2024-02-12 04:34:20,-3.603668,40.399236,"(-3.603668, 40.399236)"
541,"Calle Méndez Alvaro, 44,",02,027,8,15,2269,2,"274  - Méndez Alvaro, 73",0,274,0,23,2024-02-12 04:34:20,-3.68134346,40.39675755,"(-3.68134346, 40.39675755)"
542,"605 - Calle Nuria 26,",08,087,7,17,2270,0,605 - Calle Nuria 26,0,605,0,24,2024-02-12 04:34:20,-3.704883,40.491644,"(-3.704883, 40.491644)"
543,"Avenida Arcentales S/N,",20,205,9,15,2271,2,522 - Avenida Arcentales S/N,0,522,0,24,2024-02-12 04:34:20,-3.60097542,40.43333298,"(-3.60097542, 40.43333298)"
544,"calle Paseo Ginebra,",20,205,8,16,2272,2,521 - Paseo Ginebra,0,521,0,24,2024-02-12 04:34:20,-3.6048181,40.423893,"(-3.6048181, 40.423893)"
545,"Parador de Santa Lucía, 8,",20,207,11,13,2273,2,"508. - 508 - Parador de Santa Lucía, 8",0,508.,0,24,2024-02-12 04:34:20,-3.609553,40.449095,"(-3.609553, 40.449095)"
546,"Avd. Ciudad de Barcelona, 2,",03,035,19,4,2274,1,"80-A - 80A - Avd. Ciudad de Barcelona, 2",0,80-A,0,23,2024-02-12 04:34:20,-3.690538,40.407573,"(-3.690538, 40.407573)"
547,"Avd ciudad de Barcelona , 2,",03,035,17,10,2275,2,"80-B - 80B - Avd ciudad de Barcelona ,2",0,80-B,0,26,2024-02-12 04:34:20,-3.6904748,40.4075211,"(-3.6904748, 40.4075211)"
548,"Adolfo Bioy Casares, 9,",18,183,21,6,2276,1,"447 - Calle de Adolfo Bioy Casares, 9",0,447,0,27,2024-02-12 04:34:20,-3.5981935,40.3668504,"(-3.5981935, 40.3668504)"
549,"Calle San Jenaro, 1,",17,171,13,11,2278,2,"412 - San Jenaro, 1",0,412,0,24,2024-02-12 04:34:20,-3.7043083,40.3500291,"(-3.7043083, 40.3500291)"
550,"Calle  Diamante, 10,",17,174,12,12,2279,2,"415 - Diamante, 10",0,415,0,24,2024-02-12 04:34:20,-3.6877534,40.3532609,"(-3.6877534, 40.3532609)"
551,"Calle Doctor Martín Arévalo, 19,",17,171,20,4,2280,1,"413 - Doctor Martín Arévalo, 19",0,413,0,24,2024-02-12 04:34:20,-3.707413,40.345928,"(-3.707413, 40.345928)"
552,"Calle Zapatoca, 8,",16,164,11,12,2281,2,"545 - Zapatoca, 8",0,545,0,23,2024-02-12 04:34:20,-3.63335803,40.47285235,"(-3.63335803, 40.47285235)"
553,"Plaza Mayor de Barajas, 24,",21,213,10,14,2282,2,"567 - Plaza Mayor de Barajas, 24",0,567,0,24,2024-02-12 04:34:20,-3.5776537,40.4733252,"(-3.5776537, 40.4733252)"
554,"Calle Soto Hidalgo, 2,",21,211,13,14,2283,2,"563 - Soto Hidalgo, 2",0,563,0,27,2024-02-12 04:34:20,-3.5820745,40.4606465,"(-3.5820745, 40.4606465)"
555,"Paseo Reina Cristina,6,",03,031,10,13,2285,2,"281 - Paseo Reina Cristina,6",0,281,0,23,2024-02-12 04:34:20,-3.6831862,40.4067247,"(-3.6831862, 40.4067247)"
556,"Ronda de la comunicacion,",08,086,10,13,2286,2,609 - Ronda de la comunicacion,0,609,0,23,2024-02-12 04:34:20,-3.6626887,40.5157202,"(-3.6626887, 40.5157202)"
557,"calle Moncada 102,",17,172,10,13,2287,2,408 - Moncada 102,0,408,0,23,2024-02-12 04:34:20,-3.692444,40.341725,"(-3.692444, 40.341725)"
558,"Calle Eduardo Barreiros 114,",17,175,15,8,2288,2,409 - Calle Eduardo Barreiros 114,0,409,0,23,2024-02-12 04:34:20,-3.7046436,40.3553495,"(-3.7046436, 40.3553495)"
559,"Calle Fermín Caballero 2,",08,085,7,16,2289,0,606 - Calle Fermín Caballero 2,0,606,0,23,2024-02-12 04:34:20,-3.698485,40.487363,"(-3.698485, 40.487363)"
560,"calle de la huerta de castañeda 26,",10,103,20,4,2290,1,349 - Huerta de Castañeda 26,0,349,0,24,2024-02-12 04:34:20,-3.74201882097404,40.40622095698234,"(-3.74201882097404, 40.40622095698234)"
561,"calle Gregorio Sánchez Herráez 14,",16,166,4,19,2291,0,544 - Gregorio Sánchez Herráez 14,0,544,0,23,2024-02-12 04:34:20,-3.63657,40.477248,"(-3.63657, 40.477248)"
562,"Calle Oña s/n,",16,166,11,12,2292,2,551 - Calle Oña s/n,0,551,0,23,2024-02-12 04:34:20,-3.6658565,40.4891872,"(-3.6658565, 40.4891872)"
563,"calle Ana de Austria s/n,",16,166,12,15,2293,2,552 - calle Ana de Austria s/n,0,552,0,27,2024-02-12 04:34:20,-3.6531502,40.4994394,"(-3.6531502, 40.4994394)"
564,"Avd Fuerzas Armadas (Cercanias Valdebebas),",21,214,10,14,2294,2,542 - Av. Fuerzas Armadas (Cer. Valdebebas),0,542,0,24,2024-02-12 04:34:20,-3.6157178,40.4819961,"(-3.6157178, 40.4819961)"
565,"Paseo de Puerta del Angel, 10 ( metro Lago),",09,091,11,8,2297,2,"320 - Paseo de Puerta del Angel, 10 (M. Lago)",0,320,0,19,2024-02-12 04:34:20,-3.7345247,40.4167792,"(-3.7345247, 40.4167792)"
566,"Calle Estella, 21,",08,086,8,15,2298,2,"608 - Calle Estella, 21",0,608,0,23,2024-02-12 04:34:20,-3.6743568,40.4968198,"(-3.6743568, 40.4968198)"
567,"Paseo de los Pontones, 45,",02,021,11,12,2299,2,"278 - Paseo de los Pontones, 45",0,278,0,23,2024-02-12 04:34:20,-3.7196,40.4040433,"(-3.7196, 40.4040433)"
568,"Calle Luis de Salazar, 11,",05,052,9,14,2300,2,"289 - Calle Luis de Salazar, 11",0,289,0,23,2024-02-12 04:34:20,-3.6649258,40.4474166,"(-3.6649258, 40.4474166)"
569,"Rafaela Aparicio, 10,",16,166,11,15,2301,2,"547 - Rafaela Aparicio, 10",0,547,0,27,2024-02-12 04:34:20,-3.6312179,40.4792396,"(-3.6312179, 40.4792396)"
570,"Calle Berrocal, 9,",17,173,5,22,2302,0,"402 - Calle Berrocal, 9",0,402,0,27,2024-02-12 04:34:20,-3.67615,40.344115,"(-3.67615, 40.344115)"
571,"Tomas Redondo, 7,",16,166,9,14,2303,2,"543 - Tomas Redondo, 7",0,543,0,23,2024-02-12 04:34:20,-3.62913802,40.47178414,"(-3.62913802, 40.47178414)"
572,"Paseo virgen de puerto, 25,",02,021,15,0,2304,1,"277 - Paseo Virgen del Puerto, 25",0,277,0,15,2024-02-12 04:34:20,-3.721178,40.411622,"(-3.721178, 40.411622)"
573,"Calle del tejo,",02,027,15,8,2305,2,272 - Calle del tejo,0,272,0,23,2024-02-12 04:34:20,-3.679186,40.39663,"(-3.679186, 40.39663)"
574,"Menéndez Pelayo, entrada Florida Park,",03,035,18,5,2306,1,"282 - Menéndez Pelayo, entrada Florida Park",0,282,0,23,2024-02-12 04:34:20,-3.6787796,40.4181327,"(-3.6787796, 40.4181327)"
575,"Calle Mayor , 6,",01,016,2,21,2307,0,"1b - Calle Mayor, 6",0,1,0,23,2024-02-12 04:34:20,-3.7054098,40.416465,"(-3.7054098, 40.416465)"
576,"Avda de la Gran Vía de San Francisco, 9 ,",01,011,15,8,2308,2,"263 - Avda  Gran Vía de San Francisco ,  9",0,263,0,23,2024-02-12 04:34:20,-3.712793282384579,40.40833880815136,"(-3.712793282384579, 40.40833880815136)"
577," Calle Babilonia, 19,",21,215,10,13,2309,2,"559 - Calle Babilonia, 19",0,559,0,23,2024-02-12 04:34:20,-3.5882347,40.4675299,"(-3.5882347, 40.4675299)"
578,"Camino de Ganapanes, 40,",08,083,13,11,2311,2,"581 - Camino de Ganapanes, 40",0,581,0,24,2024-02-12 04:34:20,-3.7163093,40.4764797,"(-3.7163093, 40.4764797)"
579,"Calle San Modesto, 42,",08,086,9,15,2312,2,"598 - Calle San Modesto, 42",0,598,0,24,2024-02-12 04:34:20,-3.6923396,40.4858012,"(-3.6923396, 40.4858012)"
580,"Calle Escalona, 2,",10,104,6,21,2313,0,"341 - Calle Escalona, 2",0,341,0,27,2024-02-12 04:34:20,-3.76182259,40.39834576,"(-3.76182259, 40.39834576)"
581,"Avda del Padre Piquer s/n,",10,104,9,15,2314,2,346 - Avda del Padre Piquer,0,346,0,24,2024-02-12 04:34:20,-3.7664844,40.3907438,"(-3.7664844, 40.3907438)"
582,"Avda de las Aguilas, 27,",10,107,11,13,2315,2,"347 - Avda de las Aguilas, 27",0,347,0,24,2024-02-12 04:34:20,-3.768603,40.383554,"(-3.768603, 40.383554)"
583,"Calle Albelda, 6,",15,156,6,18,2316,0,"528 - Albelda, 6",0,528,0,24,2024-02-12 04:34:20,-3.6573666,40.4494225,"(-3.6573666, 40.4494225)"
584,"Paseo de la Venta, 1,",09,091,13,14,2317,2,"312 -  Paseo de la Venta, 1",0,312,0,27,2024-02-12 04:34:20,-3.7528559,40.4077495,"(-3.7528559, 40.4077495)"
585,"Carretera del ZOO, s/n (M. Casa Campo),",09,091,20,6,2318,1,"321 - Carretera del ZOO, s/n (M. Casa Campo)",0,321,0,27,2024-02-12 04:34:20,-3.761051,40.40316,"(-3.761051, 40.40316)"
586,"Calle de las Rosas de Aravaca, s/n,",09,097,7,16,2319,0,"310 - Calle de las Rosas de Aravaca, s/n",0,310,0,22,2024-02-12 04:34:20,-3.7845536,40.4490509,"(-3.7845536, 40.4490509)"
587,"311 - Calle del Profesor Aranguren, 1,",09,093,21,6,2320,1,"311 - Calle del Profesor Aranguren, 1",0,311,0,26,2024-02-12 04:34:20,-3.733574,40.448553,"(-3.733574, 40.448553)"
588,"Calle Felipe IV, 3,",03,035,10,13,2321,2,"283 - Calle Felipe IV, 3",0,283,0,23,2024-02-12 04:34:20,-3.6919057,40.4152082,"(-3.6919057, 40.4152082)"
589,"564 - Avda del Partenon, 16,",21,215,10,13,2322,2,"564 - Avda del Partenon, 16",0,564,0,23,2024-02-12 04:34:20,-3.613867,40.463861,"(-3.613867, 40.463861)"
590,"Calle Caños de San Pedro, 12,",19,191,13,10,2323,2,"468 - Calle Caños de San Pedro, 12",0,468,0,23,2024-02-12 04:34:20,-3.601920499999999,40.4029976,"(-3.601920499999999, 40.4029976)"
591,"465 - Cordel de Pavones, 48,",19,192,9,15,2324,2,"465 - Cordel de Pavones, 48",0,465,0,24,2024-02-12 04:34:20,-3.619645,40.397375,"(-3.619645, 40.397375)"
592,"414 -  Calle de Santa Petronila, 7,",17,174,8,16,2325,2,"414 -  Calle de Santa Petronila, 7",0,414,0,24,2024-02-12 04:34:20,-3.692163,40.350985,"(-3.692163, 40.350985)"
593,"Calle de la Oca, 20,",11,113,9,15,2326,2,"380. - 380 -  Calle de la Oca, 20",0,380.,0,24,2024-02-12 04:34:20,-3.7335492,40.3894333,"(-3.7335492, 40.3894333)"
594,"411 - Calle Domingo Párraga,",17,171,9,14,2327,2,411 - Calle Domingo Párraga,0,411,0,23,2024-02-12 04:34:20,-3.7118183,40.3417533,"(-3.7118183, 40.3417533)"
595,"Jacinto Verdaguer, 12,",11,112,24,0,2328,1,354 - Jacinto Verdaguer,0,354,0,24,2024-02-12 04:34:20,-3.7160526116262793,40.39593854704345,"(-3.7160526116262793, 40.39593854704345)"
596,"318 - Calle Santa Pola, 22,",09,091,11,12,2329,2,"318 - Calle Santa Pola, 22",0,318,0,23,2024-02-12 04:34:20,-3.7370276473602226,40.43205131007265,"(-3.7370276473602226, 40.43205131007265)"
597,"549 - Avd. Francisco PI y Maragall, 33,",16,166,5,14,2330,0,"549 - Avd. Francisco PI y Maragall, 33",0,549,0,19,2024-02-12 04:34:20,-3.6503544,40.4866354,"(-3.6503544, 40.4866354)"
598,"279 - Paseo de los Melancólicos, 1,",02,021,14,9,2331,2,"279 - Paseo de los Melancólicos, 1",0,279,0,23,2024-02-12 04:34:20,-3.7184816,40.4104448,"(-3.7184816, 40.4104448)"
599,"Calle Alcalá, 546,",20,201,15,12,1982,2,"498 - Calle Alcala, 546",0,498,0,27,2024-02-12 04:34:20,-3.6178317,40.44313349999999,"(-3.6178317, 40.44313349999999)"
600,"Calle Alcala, 590,",20,207,11,12,1983,2,"499 - Calle Alcala, 590",0,499,0,23,2024-02-12 04:34:20,-3.6121996,40.4466561,"(-3.6121996, 40.4466561)"
601,"Calle Aracne, 17,",20,206,16,11,1984,2,"500 - Calle Aracne, 17",0,500,0,27,2024-02-12 04:34:20,-3.5895,40.445,"(-3.5895, 40.445)"
602,"Calle Alcalá, 506,",20,201,10,13,1985,2,"497 - Calle Alcala, 506",0,497,0,23,2024-02-12 04:34:20,-3.6274,40.4407,"(-3.6274, 40.4407)"
603,"Calle Puerto Serrano, 1,",02,024,15,8,1986,2,"265 - Calle Puerto Serrano, 1",0,265,0,23,2024-02-12 04:34:20,-3.688461,40.385412,"(-3.688461, 40.385412)"
604,"Calle Comandante Fontanes, 1,",11,113,20,3,1987,1,"351 - Calle Comandante Fontanes, 1",0,351,0,23,2024-02-12 04:34:20,-3.7211209,40.3951415,"(-3.7211209, 40.3951415)"
605,"Calle de Ervigio,",11,113,15,8,1988,2,350 - Calle de Ervigio,0,350,0,23,2024-02-12 04:34:20,-3.7315,40.3947,"(-3.7315, 40.3947)"
606,"Julio Merino, 5,",12,124,12,11,1989,2,"389 - Julio Merino, 5",0,389,0,23,2024-02-12 04:34:20,-3.7032,40.3831,"(-3.7032, 40.3831)"
607,"Calle de la Avena, 10,",12,126,9,14,1990,2,"390 - Calle de la Avena, 10",0,390,0,23,2024-02-12 04:34:20,-3.7159,40.3773,"(-3.7159, 40.3773)"
608,"Avenida de Cantabria, 6,",21,211,14,10,1991,2,"556 - Avenida de Cantabria, 6",0,556,0,24,2024-02-12 04:34:20,-3.58772201,40.45462514,"(-3.58772201, 40.45462514)"
609,"Paseo de la Alameda de Osuna, 48,",21,211,11,16,1992,2,"555 - Paseo de la Alameda de Osuna, 48",0,555,0,27,2024-02-12 04:34:20,-3.59812171,40.45476837,"(-3.59812171, 40.45476837)"
610,"Francisco Villaespesa, 39,",15,151,14,9,1993,2,485 - Francisco Villaespesa  39,0,485,0,23,2024-02-12 04:34:20,-3.6464629,40.4293263,"(-3.6464629, 40.4293263)"
